ano (uid);ano (nome);local (uid);local (nome);indicador (uid);indicador (nome);categoria (uid);categoria (nome);estatistica (uid);estatistica (nome);lococor (uid);lococor (nome);atestante (uid);atestante (nome);grupoetario (uid);grupoetario (nome);racacor (uid);racacor (nome);sexo (uid);sexo (nome);abrangencia (uid);abrangencia (nome);localidade (uid);localidade (nome);Janeiro;Fevereiro;Março;Abril;Maio;Junho;Julho;Agosto;Setembro;Outubro;Novembro;Dezembro;Ano
2013;2013;2;Óbitos por ocorrência;204394;(J45) Asma;1;Notificação de óbitos;1;Número de óbitos;0;Todos;0;Todos;2001;Infantil;0;Todos;2;Feminino;1;País;76;Brasil;0;0;1;3;0;1;1;1;0;2;1;2;12
2013;2013;2;Óbitos por ocorrência;204394;(J45) Asma;1;Notificação de óbitos;1;Número de óbitos;0;Todos;0;Todos;2001;Infantil;0;Todos;2;Feminino;2;Região;1;Norte;0;0;0;2;0;0;0;0;0;0;0;0;2
2013;2013;2;Óbitos por ocorrência;204394;(J45) Asma;1;Notificação de óbitos;1;Número de óbitos;0;Todos;0;Todos;2001;Infantil;0;Todos;2;Feminino;3;Unidade da federação;11;Rondônia;0;0;0;0;0;0;0;0;0;0;0;0;0
2013;2013;2;Óbitos por ocorrência;204394;(J45) Asma;1;Notificação de óbitos;1;Número de óbitos;0;Todos;0;Todos;2001;Infantil;0;Todos;2;Feminino;3;Unidade da federação;12;Acre;0;0;0;0;0;0;0;0;0;0;0;0;0
2013;2013;2;Óbitos por ocorrência;204394;(J45) Asma;1;Notificação de óbitos;1;Número de óbitos;0;Todos;0;Todos;2001;Infantil;0;Todos;2;Feminino;3;Unidade da federação;13;Amazonas;0;0;0;2;0;0;0;0;0;0;0;0;2
2013;2013;2;Óbitos por ocorrência;204394;(J45) Asma;1;Notificação de óbitos;1;Número de óbitos;0;Todos;0;Todos;2001;Infantil;0;Todos;2;Feminino;3;Unidade da federação;14;Roraima;0;0;0;0;0;0;0;0;0;0;0;0;0
2013;2013;2;Óbitos por ocorrência;204394;(J45) Asma;1;Notificação de óbitos;1;Número de óbitos;0;Todos;0;Todos;2001;Infantil;0;Todos;2;Feminino;3;Unidade da federação;15;Pará;0;0;0;0;0;0;0;0;0;0;0;0;0
2013;2013;2;Óbitos por ocorrência;204394;(J45) Asma;1;Notificação de óbitos;1;Número de óbitos;0;Todos;0;Todos;2001;Infantil;0;Todos;2;Feminino;3;Unidade da federação;16;Amapá;0;0;0;0;0;0;0;0;0;0;0;0;0
2013;2013;2;Óbitos por ocorrência;204394;(J45) Asma;1;Notificação de óbitos;1;Número de óbitos;0;Todos;0;Todos;2001;Infantil;0;Todos;2;Feminino;3;Unidade da federação;17;Tocantins;0;0;0;0;0;0;0;0;0;0;0;0;0
2013;2013;2;Óbitos por ocorrência;204394;(J45) Asma;1;Notificação de óbitos;1;Número de óbitos;0;Todos;0;Todos;2001;Infantil;0;Todos;2;Feminino;2;Região;2;Nordeste;0;0;1;1;0;0;0;0;0;1;0;1;4
2013;2013;2;Óbitos por ocorrência;204394;(J45) Asma;1;Notificação de óbitos;1;Número de óbitos;0;Todos;0;Todos;2001;Infantil;0;Todos;2;Feminino;3;Unidade da federação;21;Maranhão;0;0;0;0;0;0;0;0;0;0;0;0;0
2013;2013;2;Óbitos por ocorrência;204394;(J45) Asma;1;Notificação de óbitos;1;Número de óbitos;0;Todos;0;Todos;2001;Infantil;0;Todos;2;Feminino;3;Unidade da federação;22;Piauí;0;0;0;0;0;0;0;0;0;0;0;0;0
2013;2013;2;Óbitos por ocorrência;204394;(J45) Asma;1;Notificação de óbitos;1;Número de óbitos;0;Todos;0;Todos;2001;Infantil;0;Todos;2;Feminino;3;Unidade da federação;23;Ceará;0;0;0;0;0;0;0;0;0;0;0;0;0
2013;2013;2;Óbitos por ocorrência;204394;(J45) Asma;1;Notificação de óbitos;1;Número de óbitos;0;Todos;0;Todos;2001;Infantil;0;Todos;2;Feminino;3;Unidade da federação;24;Rio Grande do Norte;0;0;0;0;0;0;0;0;0;0;0;0;0
2013;2013;2;Óbitos por ocorrência;204394;(J45) Asma;1;Notificação de óbitos;1;Número de óbitos;0;Todos;0;Todos;2001;Infantil;0;Todos;2;Feminino;3;Unidade da federação;25;Paraíba;0;0;0;0;0;0;0;0;0;0;0;0;0
2013;2013;2;Óbitos por ocorrência;204394;(J45) Asma;1;Notificação de óbitos;1;Número de óbitos;0;Todos;0;Todos;2001;Infantil;0;Todos;2;Feminino;3;Unidade da federação;26;Pernambuco;0;0;1;0;0;0;0;0;0;1;0;0;2
2013;2013;2;Óbitos por ocorrência;204394;(J45) Asma;1;Notificação de óbitos;1;Número de óbitos;0;Todos;0;Todos;2001;Infantil;0;Todos;2;Feminino;3;Unidade da federação;27;Alagoas;0;0;0;0;0;0;0;0;0;0;0;1;1
2013;2013;2;Óbitos por ocorrência;204394;(J45) Asma;1;Notificação de óbitos;1;Número de óbitos;0;Todos;0;Todos;2001;Infantil;0;Todos;2;Feminino;3;Unidade da federação;28;Sergipe;0;0;0;1;0;0;0;0;0;0;0;0;1
2013;2013;2;Óbitos por ocorrência;204394;(J45) Asma;1;Notificação de óbitos;1;Número de óbitos;0;Todos;0;Todos;2001;Infantil;0;Todos;2;Feminino;3;Unidade da federação;29;Bahia;0;0;0;0;0;0;0;0;0;0;0;0;0
2013;2013;2;Óbitos por ocorrência;204394;(J45) Asma;1;Notificação de óbitos;1;Número de óbitos;0;Todos;0;Todos;2001;Infantil;0;Todos;2;Feminino;2;Região;3;Sudeste;0;0;0;0;0;1;1;1;0;0;1;0;4
2013;2013;2;Óbitos por ocorrência;204394;(J45) Asma;1;Notificação de óbitos;1;Número de óbitos;0;Todos;0;Todos;2001;Infantil;0;Todos;2;Feminino;3;Unidade da federação;31;Minas Gerais;0;0;0;0;0;0;0;0;0;0;0;0;0
2013;2013;2;Óbitos por ocorrência;204394;(J45) Asma;1;Notificação de óbitos;1;Número de óbitos;0;Todos;0;Todos;2001;Infantil;0;Todos;2;Feminino;3;Unidade da federação;32;Espírito Santo;0;0;0;0;0;0;0;0;0;0;0;0;0
2013;2013;2;Óbitos por ocorrência;204394;(J45) Asma;1;Notificação de óbitos;1;Número de óbitos;0;Todos;0;Todos;2001;Infantil;0;Todos;2;Feminino;3;Unidade da federação;33;Rio de Janeiro;0;0;0;0;0;0;0;0;0;0;0;0;0
2013;2013;2;Óbitos por ocorrência;204394;(J45) Asma;1;Notificação de óbitos;1;Número de óbitos;0;Todos;0;Todos;2001;Infantil;0;Todos;2;Feminino;3;Unidade da federação;35;São Paulo;0;0;0;0;0;1;1;1;0;0;1;0;4
2013;2013;2;Óbitos por ocorrência;204394;(J45) Asma;1;Notificação de óbitos;1;Número de óbitos;0;Todos;0;Todos;2001;Infantil;0;Todos;2;Feminino;2;Região;4;Sul;0;0;0;0;0;0;0;0;0;0;0;0;0
2013;2013;2;Óbitos por ocorrência;204394;(J45) Asma;1;Notificação de óbitos;1;Número de óbitos;0;Todos;0;Todos;2001;Infantil;0;Todos;2;Feminino;3;Unidade da federação;41;Paraná;0;0;0;0;0;0;0;0;0;0;0;0;0
2013;2013;2;Óbitos por ocorrência;204394;(J45) Asma;1;Notificação de óbitos;1;Número de óbitos;0;Todos;0;Todos;2001;Infantil;0;Todos;2;Feminino;3;Unidade da federação;42;Santa Catarina;0;0;0;0;0;0;0;0;0;0;0;0;0
2013;2013;2;Óbitos por ocorrência;204394;(J45) Asma;1;Notificação de óbitos;1;Número de óbitos;0;Todos;0;Todos;2001;Infantil;0;Todos;2;Feminino;3;Unidade da federação;43;Rio Grande do Sul;0;0;0;0;0;0;0;0;0;0;0;0;0
2013;2013;2;Óbitos por ocorrência;204394;(J45) Asma;1;Notificação de óbitos;1;Número de óbitos;0;Todos;0;Todos;2001;Infantil;0;Todos;2;Feminino;2;Região;5;Centro-Oeste;0;0;0;0;0;0;0;0;0;1;0;1;2
2013;2013;2;Óbitos por ocorrência;204394;(J45) Asma;1;Notificação de óbitos;1;Número de óbitos;0;Todos;0;Todos;2001;Infantil;0;Todos;2;Feminino;3;Unidade da federação;50;Mato Grosso do Sul;0;0;0;0;0;0;0;0;0;0;0;1;1
2013;2013;2;Óbitos por ocorrência;204394;(J45) Asma;1;Notificação de óbitos;1;Número de óbitos;0;Todos;0;Todos;2001;Infantil;0;Todos;2;Feminino;3;Unidade da federação;51;Mato Grosso;0;0;0;0;0;0;0;0;0;0;0;0;0
2013;2013;2;Óbitos por ocorrência;204394;(J45) Asma;1;Notificação de óbitos;1;Número de óbitos;0;Todos;0;Todos;2001;Infantil;0;Todos;2;Feminino;3;Unidade da federação;52;Goiás;0;0;0;0;0;0;0;0;0;1;0;0;1
2013;2013;2;Óbitos por ocorrência;204394;(J45) Asma;1;Notificação de óbitos;1;Número de óbitos;0;Todos;0;Todos;2001;Infantil;0;Todos;2;Feminino;3;Unidade da federação;53;Distrito Federal;0;0;0;0;0;0;0;0;0;0;0;0;0
2013;2013;2;Óbitos por ocorrência;204394;(J45) Asma;1;Notificação de óbitos;1;Número de óbitos;0;Todos;0;Todos;2002;01 a 04;0;Todos;2;Feminino;1;País;76;Brasil;1;3;2;0;3;2;1;1;1;1;1;3;19
2013;2013;2;Óbitos por ocorrência;204394;(J45) Asma;1;Notificação de óbitos;1;Número de óbitos;0;Todos;0;Todos;2002;01 a 04;0;Todos;2;Feminino;2;Região;1;Norte;1;1;0;0;1;0;0;0;0;0;0;1;4
2013;2013;2;Óbitos por ocorrência;204394;(J45) Asma;1;Notificação de óbitos;1;Número de óbitos;0;Todos;0;Todos;2002;01 a 04;0;Todos;2;Feminino;3;Unidade da federação;11;Rondônia;0;0;0;0;0;0;0;0;0;0;0;0;0
2013;2013;2;Óbitos por ocorrência;204394;(J45) Asma;1;Notificação de óbitos;1;Número de óbitos;0;Todos;0;Todos;2002;01 a 04;0;Todos;2;Feminino;3;Unidade da federação;12;Acre;0;0;0;0;0;0;0;0;0;0;0;0;0
2013;2013;2;Óbitos por ocorrência;204394;(J45) Asma;1;Notificação de óbitos;1;Número de óbitos;0;Todos;0;Todos;2002;01 a 04;0;Todos;2;Feminino;3;Unidade da federação;13;Amazonas;1;0;0;0;0;0;0;0;0;0;0;0;1
2013;2013;2;Óbitos por ocorrência;204394;(J45) Asma;1;Notificação de óbitos;1;Número de óbitos;0;Todos;0;Todos;2002;01 a 04;0;Todos;2;Feminino;3;Unidade da federação;14;Roraima;0;0;0;0;0;0;0;0;0;0;0;0;0
2013;2013;2;Óbitos por ocorrência;204394;(J45) Asma;1;Notificação de óbitos;1;Número de óbitos;0;Todos;0;Todos;2002;01 a 04;0;Todos;2;Feminino;3;Unidade da federação;15;Pará;0;1;0;0;1;0;0;0;0;0;0;1;3
2013;2013;2;Óbitos por ocorrência;204394;(J45) Asma;1;Notificação de óbitos;1;Número de óbitos;0;Todos;0;Todos;2002;01 a 04;0;Todos;2;Feminino;3;Unidade da federação;16;Amapá;0;0;0;0;0;0;0;0;0;0;0;0;0
2013;2013;2;Óbitos por ocorrência;204394;(J45) Asma;1;Notificação de óbitos;1;Número de óbitos;0;Todos;0;Todos;2002;01 a 04;0;Todos;2;Feminino;3;Unidade da federação;17;Tocantins;0;0;0;0;0;0;0;0;0;0;0;0;0
2013;2013;2;Óbitos por ocorrência;204394;(J45) Asma;1;Notificação de óbitos;1;Número de óbitos;0;Todos;0;Todos;2002;01 a 04;0;Todos;2;Feminino;2;Região;2;Nordeste;0;2;2;0;1;1;0;0;0;0;0;0;6
2013;2013;2;Óbitos por ocorrência;204394;(J45) Asma;1;Notificação de óbitos;1;Número de óbitos;0;Todos;0;Todos;2002;01 a 04;0;Todos;2;Feminino;3;Unidade da federação;21;Maranhão;0;1;1;0;0;0;0;0;0;0;0;0;2
2013;2013;2;Óbitos por ocorrência;204394;(J45) Asma;1;Notificação de óbitos;1;Número de óbitos;0;Todos;0;Todos;2002;01 a 04;0;Todos;2;Feminino;3;Unidade da federação;22;Piauí;0;0;0;0;0;0;0;0;0;0;0;0;0
2013;2013;2;Óbitos por ocorrência;204394;(J45) Asma;1;Notificação de óbitos;1;Número de óbitos;0;Todos;0;Todos;2002;01 a 04;0;Todos;2;Feminino;3;Unidade da federação;23;Ceará;0;0;0;0;1;1;0;0;0;0;0;0;2
2013;2013;2;Óbitos por ocorrência;204394;(J45) Asma;1;Notificação de óbitos;1;Número de óbitos;0;Todos;0;Todos;2002;01 a 04;0;Todos;2;Feminino;3;Unidade da federação;24;Rio Grande do Norte;0;0;0;0;0;0;0;0;0;0;0;0;0
2013;2013;2;Óbitos por ocorrência;204394;(J45) Asma;1;Notificação de óbitos;1;Número de óbitos;0;Todos;0;Todos;2002;01 a 04;0;Todos;2;Feminino;3;Unidade da federação;25;Paraíba;0;0;1;0;0;0;0;0;0;0;0;0;1
2013;2013;2;Óbitos por ocorrência;204394;(J45) Asma;1;Notificação de óbitos;1;Número de óbitos;0;Todos;0;Todos;2002;01 a 04;0;Todos;2;Feminino;3;Unidade da federação;26;Pernambuco;0;1;0;0;0;0;0;0;0;0;0;0;1
2013;2013;2;Óbitos por ocorrência;204394;(J45) Asma;1;Notificação de óbitos;1;Número de óbitos;0;Todos;0;Todos;2002;01 a 04;0;Todos;2;Feminino;3;Unidade da federação;27;Alagoas;0;0;0;0;0;0;0;0;0;0;0;0;0
2013;2013;2;Óbitos por ocorrência;204394;(J45) Asma;1;Notificação de óbitos;1;Número de óbitos;0;Todos;0;Todos;2002;01 a 04;0;Todos;2;Feminino;3;Unidade da federação;28;Sergipe;0;0;0;0;0;0;0;0;0;0;0;0;0
2013;2013;2;Óbitos por ocorrência;204394;(J45) Asma;1;Notificação de óbitos;1;Número de óbitos;0;Todos;0;Todos;2002;01 a 04;0;Todos;2;Feminino;3;Unidade da federação;29;Bahia;0;0;0;0;0;0;0;0;0;0;0;0;0
2013;2013;2;Óbitos por ocorrência;204394;(J45) Asma;1;Notificação de óbitos;1;Número de óbitos;0;Todos;0;Todos;2002;01 a 04;0;Todos;2;Feminino;2;Região;3;Sudeste;0;0;0;0;1;0;1;0;1;0;1;2;6
2013;2013;2;Óbitos por ocorrência;204394;(J45) Asma;1;Notificação de óbitos;1;Número de óbitos;0;Todos;0;Todos;2002;01 a 04;0;Todos;2;Feminino;3;Unidade da federação;31;Minas Gerais;0;0;0;0;0;0;0;0;0;0;0;1;1
2013;2013;2;Óbitos por ocorrência;204394;(J45) Asma;1;Notificação de óbitos;1;Número de óbitos;0;Todos;0;Todos;2002;01 a 04;0;Todos;2;Feminino;3;Unidade da federação;32;Espírito Santo;0;0;0;0;0;0;0;0;0;0;1;0;1
2013;2013;2;Óbitos por ocorrência;204394;(J45) Asma;1;Notificação de óbitos;1;Número de óbitos;0;Todos;0;Todos;2002;01 a 04;0;Todos;2;Feminino;3;Unidade da federação;33;Rio de Janeiro;0;0;0;0;0;0;0;0;0;0;0;1;1
2013;2013;2;Óbitos por ocorrência;204394;(J45) Asma;1;Notificação de óbitos;1;Número de óbitos;0;Todos;0;Todos;2002;01 a 04;0;Todos;2;Feminino;3;Unidade da federação;35;São Paulo;0;0;0;0;1;0;1;0;1;0;0;0;3
2013;2013;2;Óbitos por ocorrência;204394;(J45) Asma;1;Notificação de óbitos;1;Número de óbitos;0;Todos;0;Todos;2002;01 a 04;0;Todos;2;Feminino;2;Região;4;Sul;0;0;0;0;0;1;0;0;0;0;0;0;1
2013;2013;2;Óbitos por ocorrência;204394;(J45) Asma;1;Notificação de óbitos;1;Número de óbitos;0;Todos;0;Todos;2002;01 a 04;0;Todos;2;Feminino;3;Unidade da federação;41;Paraná;0;0;0;0;0;0;0;0;0;0;0;0;0
2013;2013;2;Óbitos por ocorrência;204394;(J45) Asma;1;Notificação de óbitos;1;Número de óbitos;0;Todos;0;Todos;2002;01 a 04;0;Todos;2;Feminino;3;Unidade da federação;42;Santa Catarina;0;0;0;0;0;1;0;0;0;0;0;0;1
2013;2013;2;Óbitos por ocorrência;204394;(J45) Asma;1;Notificação de óbitos;1;Número de óbitos;0;Todos;0;Todos;2002;01 a 04;0;Todos;2;Feminino;3;Unidade da federação;43;Rio Grande do Sul;0;0;0;0;0;0;0;0;0;0;0;0;0
2013;2013;2;Óbitos por ocorrência;204394;(J45) Asma;1;Notificação de óbitos;1;Número de óbitos;0;Todos;0;Todos;2002;01 a 04;0;Todos;2;Feminino;2;Região;5;Centro-Oeste;0;0;0;0;0;0;0;1;0;1;0;0;2
2013;2013;2;Óbitos por ocorrência;204394;(J45) Asma;1;Notificação de óbitos;1;Número de óbitos;0;Todos;0;Todos;2002;01 a 04;0;Todos;2;Feminino;3;Unidade da federação;50;Mato Grosso do Sul;0;0;0;0;0;0;0;0;0;0;0;0;0
2013;2013;2;Óbitos por ocorrência;204394;(J45) Asma;1;Notificação de óbitos;1;Número de óbitos;0;Todos;0;Todos;2002;01 a 04;0;Todos;2;Feminino;3;Unidade da federação;51;Mato Grosso;0;0;0;0;0;0;0;0;0;1;0;0;1
2013;2013;2;Óbitos por ocorrência;204394;(J45) Asma;1;Notificação de óbitos;1;Número de óbitos;0;Todos;0;Todos;2002;01 a 04;0;Todos;2;Feminino;3;Unidade da federação;52;Goiás;0;0;0;0;0;0;0;0;0;0;0;0;0
2013;2013;2;Óbitos por ocorrência;204394;(J45) Asma;1;Notificação de óbitos;1;Número de óbitos;0;Todos;0;Todos;2002;01 a 04;0;Todos;2;Feminino;3;Unidade da federação;53;Distrito Federal;0;0;0;0;0;0;0;1;0;0;0;0;1
2013;2013;2;Óbitos por ocorrência;204394;(J45) Asma;1;Notificação de óbitos;1;Número de óbitos;0;Todos;0;Todos;2003;05 a 09;0;Todos;2;Feminino;1;País;76;Brasil;1;0;1;0;1;2;0;1;0;1;0;0;7
2013;2013;2;Óbitos por ocorrência;204394;(J45) Asma;1;Notificação de óbitos;1;Número de óbitos;0;Todos;0;Todos;2003;05 a 09;0;Todos;2;Feminino;2;Região;1;Norte;0;0;1;0;1;0;0;0;0;0;0;0;2
2013;2013;2;Óbitos por ocorrência;204394;(J45) Asma;1;Notificação de óbitos;1;Número de óbitos;0;Todos;0;Todos;2003;05 a 09;0;Todos;2;Feminino;3;Unidade da federação;11;Rondônia;0;0;0;0;0;0;0;0;0;0;0;0;0
2013;2013;2;Óbitos por ocorrência;204394;(J45) Asma;1;Notificação de óbitos;1;Número de óbitos;0;Todos;0;Todos;2003;05 a 09;0;Todos;2;Feminino;3;Unidade da federação;12;Acre;0;0;0;0;0;0;0;0;0;0;0;0;0
2013;2013;2;Óbitos por ocorrência;204394;(J45) Asma;1;Notificação de óbitos;1;Número de óbitos;0;Todos;0;Todos;2003;05 a 09;0;Todos;2;Feminino;3;Unidade da federação;13;Amazonas;0;0;1;0;0;0;0;0;0;0;0;0;1
2013;2013;2;Óbitos por ocorrência;204394;(J45) Asma;1;Notificação de óbitos;1;Número de óbitos;0;Todos;0;Todos;2003;05 a 09;0;Todos;2;Feminino;3;Unidade da federação;14;Roraima;0;0;0;0;0;0;0;0;0;0;0;0;0
2013;2013;2;Óbitos por ocorrência;204394;(J45) Asma;1;Notificação de óbitos;1;Número de óbitos;0;Todos;0;Todos;2003;05 a 09;0;Todos;2;Feminino;3;Unidade da federação;15;Pará;0;0;0;0;1;0;0;0;0;0;0;0;1
2013;2013;2;Óbitos por ocorrência;204394;(J45) Asma;1;Notificação de óbitos;1;Número de óbitos;0;Todos;0;Todos;2003;05 a 09;0;Todos;2;Feminino;3;Unidade da federação;16;Amapá;0;0;0;0;0;0;0;0;0;0;0;0;0
2013;2013;2;Óbitos por ocorrência;204394;(J45) Asma;1;Notificação de óbitos;1;Número de óbitos;0;Todos;0;Todos;2003;05 a 09;0;Todos;2;Feminino;3;Unidade da federação;17;Tocantins;0;0;0;0;0;0;0;0;0;0;0;0;0
2013;2013;2;Óbitos por ocorrência;204394;(J45) Asma;1;Notificação de óbitos;1;Número de óbitos;0;Todos;0;Todos;2003;05 a 09;0;Todos;2;Feminino;2;Região;2;Nordeste;0;0;0;0;0;1;0;1;0;0;0;0;2
2013;2013;2;Óbitos por ocorrência;204394;(J45) Asma;1;Notificação de óbitos;1;Número de óbitos;0;Todos;0;Todos;2003;05 a 09;0;Todos;2;Feminino;3;Unidade da federação;21;Maranhão;0;0;0;0;0;0;0;0;0;0;0;0;0
2013;2013;2;Óbitos por ocorrência;204394;(J45) Asma;1;Notificação de óbitos;1;Número de óbitos;0;Todos;0;Todos;2003;05 a 09;0;Todos;2;Feminino;3;Unidade da federação;22;Piauí;0;0;0;0;0;0;0;0;0;0;0;0;0
2013;2013;2;Óbitos por ocorrência;204394;(J45) Asma;1;Notificação de óbitos;1;Número de óbitos;0;Todos;0;Todos;2003;05 a 09;0;Todos;2;Feminino;3;Unidade da federação;23;Ceará;0;0;0;0;0;0;0;0;0;0;0;0;0
2013;2013;2;Óbitos por ocorrência;204394;(J45) Asma;1;Notificação de óbitos;1;Número de óbitos;0;Todos;0;Todos;2003;05 a 09;0;Todos;2;Feminino;3;Unidade da federação;24;Rio Grande do Norte;0;0;0;0;0;0;0;0;0;0;0;0;0
2013;2013;2;Óbitos por ocorrência;204394;(J45) Asma;1;Notificação de óbitos;1;Número de óbitos;0;Todos;0;Todos;2003;05 a 09;0;Todos;2;Feminino;3;Unidade da federação;25;Paraíba;0;0;0;0;0;0;0;0;0;0;0;0;0
2013;2013;2;Óbitos por ocorrência;204394;(J45) Asma;1;Notificação de óbitos;1;Número de óbitos;0;Todos;0;Todos;2003;05 a 09;0;Todos;2;Feminino;3;Unidade da federação;26;Pernambuco;0;0;0;0;0;0;0;0;0;0;0;0;0
2013;2013;2;Óbitos por ocorrência;204394;(J45) Asma;1;Notificação de óbitos;1;Número de óbitos;0;Todos;0;Todos;2003;05 a 09;0;Todos;2;Feminino;3;Unidade da federação;27;Alagoas;0;0;0;0;0;0;0;0;0;0;0;0;0
2013;2013;2;Óbitos por ocorrência;204394;(J45) Asma;1;Notificação de óbitos;1;Número de óbitos;0;Todos;0;Todos;2003;05 a 09;0;Todos;2;Feminino;3;Unidade da federação;28;Sergipe;0;0;0;0;0;0;0;0;0;0;0;0;0
2013;2013;2;Óbitos por ocorrência;204394;(J45) Asma;1;Notificação de óbitos;1;Número de óbitos;0;Todos;0;Todos;2003;05 a 09;0;Todos;2;Feminino;3;Unidade da federação;29;Bahia;0;0;0;0;0;1;0;1;0;0;0;0;2
2013;2013;2;Óbitos por ocorrência;204394;(J45) Asma;1;Notificação de óbitos;1;Número de óbitos;0;Todos;0;Todos;2003;05 a 09;0;Todos;2;Feminino;2;Região;3;Sudeste;1;0;0;0;0;1;0;0;0;1;0;0;3
2013;2013;2;Óbitos por ocorrência;204394;(J45) Asma;1;Notificação de óbitos;1;Número de óbitos;0;Todos;0;Todos;2003;05 a 09;0;Todos;2;Feminino;3;Unidade da federação;31;Minas Gerais;0;0;0;0;0;0;0;0;0;0;0;0;0
2013;2013;2;Óbitos por ocorrência;204394;(J45) Asma;1;Notificação de óbitos;1;Número de óbitos;0;Todos;0;Todos;2003;05 a 09;0;Todos;2;Feminino;3;Unidade da federação;32;Espírito Santo;0;0;0;0;0;0;0;0;0;1;0;0;1
2013;2013;2;Óbitos por ocorrência;204394;(J45) Asma;1;Notificação de óbitos;1;Número de óbitos;0;Todos;0;Todos;2003;05 a 09;0;Todos;2;Feminino;3;Unidade da federação;33;Rio de Janeiro;0;0;0;0;0;0;0;0;0;0;0;0;0
2013;2013;2;Óbitos por ocorrência;204394;(J45) Asma;1;Notificação de óbitos;1;Número de óbitos;0;Todos;0;Todos;2003;05 a 09;0;Todos;2;Feminino;3;Unidade da federação;35;São Paulo;1;0;0;0;0;1;0;0;0;0;0;0;2
2013;2013;2;Óbitos por ocorrência;204394;(J45) Asma;1;Notificação de óbitos;1;Número de óbitos;0;Todos;0;Todos;2003;05 a 09;0;Todos;2;Feminino;2;Região;4;Sul;0;0;0;0;0;0;0;0;0;0;0;0;0
2013;2013;2;Óbitos por ocorrência;204394;(J45) Asma;1;Notificação de óbitos;1;Número de óbitos;0;Todos;0;Todos;2003;05 a 09;0;Todos;2;Feminino;3;Unidade da federação;41;Paraná;0;0;0;0;0;0;0;0;0;0;0;0;0
2013;2013;2;Óbitos por ocorrência;204394;(J45) Asma;1;Notificação de óbitos;1;Número de óbitos;0;Todos;0;Todos;2003;05 a 09;0;Todos;2;Feminino;3;Unidade da federação;42;Santa Catarina;0;0;0;0;0;0;0;0;0;0;0;0;0
2013;2013;2;Óbitos por ocorrência;204394;(J45) Asma;1;Notificação de óbitos;1;Número de óbitos;0;Todos;0;Todos;2003;05 a 09;0;Todos;2;Feminino;3;Unidade da federação;43;Rio Grande do Sul;0;0;0;0;0;0;0;0;0;0;0;0;0
2013;2013;2;Óbitos por ocorrência;204394;(J45) Asma;1;Notificação de óbitos;1;Número de óbitos;0;Todos;0;Todos;2003;05 a 09;0;Todos;2;Feminino;2;Região;5;Centro-Oeste;0;0;0;0;0;0;0;0;0;0;0;0;0
2013;2013;2;Óbitos por ocorrência;204394;(J45) Asma;1;Notificação de óbitos;1;Número de óbitos;0;Todos;0;Todos;2003;05 a 09;0;Todos;2;Feminino;3;Unidade da federação;50;Mato Grosso do Sul;0;0;0;0;0;0;0;0;0;0;0;0;0
2013;2013;2;Óbitos por ocorrência;204394;(J45) Asma;1;Notificação de óbitos;1;Número de óbitos;0;Todos;0;Todos;2003;05 a 09;0;Todos;2;Feminino;3;Unidade da federação;51;Mato Grosso;0;0;0;0;0;0;0;0;0;0;0;0;0
2013;2013;2;Óbitos por ocorrência;204394;(J45) Asma;1;Notificação de óbitos;1;Número de óbitos;0;Todos;0;Todos;2003;05 a 09;0;Todos;2;Feminino;3;Unidade da federação;52;Goiás;0;0;0;0;0;0;0;0;0;0;0;0;0
2013;2013;2;Óbitos por ocorrência;204394;(J45) Asma;1;Notificação de óbitos;1;Número de óbitos;0;Todos;0;Todos;2003;05 a 09;0;Todos;2;Feminino;3;Unidade da federação;53;Distrito Federal;0;0;0;0;0;0;0;0;0;0;0;0;0
2013;2013;2;Óbitos por ocorrência;204394;(J45) Asma;1;Notificação de óbitos;1;Número de óbitos;0;Todos;0;Todos;2004;10 a 14;0;Todos;2;Feminino;1;País;76;Brasil;0;1;0;2;0;0;2;1;1;0;2;0;9
2013;2013;2;Óbitos por ocorrência;204394;(J45) Asma;1;Notificação de óbitos;1;Número de óbitos;0;Todos;0;Todos;2004;10 a 14;0;Todos;2;Feminino;2;Região;1;Norte;0;0;0;0;0;0;1;0;0;0;1;0;2
2013;2013;2;Óbitos por ocorrência;204394;(J45) Asma;1;Notificação de óbitos;1;Número de óbitos;0;Todos;0;Todos;2004;10 a 14;0;Todos;2;Feminino;3;Unidade da federação;11;Rondônia;0;0;0;0;0;0;0;0;0;0;0;0;0
2013;2013;2;Óbitos por ocorrência;204394;(J45) Asma;1;Notificação de óbitos;1;Número de óbitos;0;Todos;0;Todos;2004;10 a 14;0;Todos;2;Feminino;3;Unidade da federação;12;Acre;0;0;0;0;0;0;0;0;0;0;0;0;0
2013;2013;2;Óbitos por ocorrência;204394;(J45) Asma;1;Notificação de óbitos;1;Número de óbitos;0;Todos;0;Todos;2004;10 a 14;0;Todos;2;Feminino;3;Unidade da federação;13;Amazonas;0;0;0;0;0;0;0;0;0;0;0;0;0
2013;2013;2;Óbitos por ocorrência;204394;(J45) Asma;1;Notificação de óbitos;1;Número de óbitos;0;Todos;0;Todos;2004;10 a 14;0;Todos;2;Feminino;3;Unidade da federação;14;Roraima;0;0;0;0;0;0;0;0;0;0;0;0;0
2013;2013;2;Óbitos por ocorrência;204394;(J45) Asma;1;Notificação de óbitos;1;Número de óbitos;0;Todos;0;Todos;2004;10 a 14;0;Todos;2;Feminino;3;Unidade da federação;15;Pará;0;0;0;0;0;0;1;0;0;0;1;0;2
2013;2013;2;Óbitos por ocorrência;204394;(J45) Asma;1;Notificação de óbitos;1;Número de óbitos;0;Todos;0;Todos;2004;10 a 14;0;Todos;2;Feminino;3;Unidade da federação;16;Amapá;0;0;0;0;0;0;0;0;0;0;0;0;0
2013;2013;2;Óbitos por ocorrência;204394;(J45) Asma;1;Notificação de óbitos;1;Número de óbitos;0;Todos;0;Todos;2004;10 a 14;0;Todos;2;Feminino;3;Unidade da federação;17;Tocantins;0;0;0;0;0;0;0;0;0;0;0;0;0
2013;2013;2;Óbitos por ocorrência;204394;(J45) Asma;1;Notificação de óbitos;1;Número de óbitos;0;Todos;0;Todos;2004;10 a 14;0;Todos;2;Feminino;2;Região;2;Nordeste;0;1;0;0;0;0;1;1;0;0;0;0;3
2013;2013;2;Óbitos por ocorrência;204394;(J45) Asma;1;Notificação de óbitos;1;Número de óbitos;0;Todos;0;Todos;2004;10 a 14;0;Todos;2;Feminino;3;Unidade da federação;21;Maranhão;0;0;0;0;0;0;0;0;0;0;0;0;0
2013;2013;2;Óbitos por ocorrência;204394;(J45) Asma;1;Notificação de óbitos;1;Número de óbitos;0;Todos;0;Todos;2004;10 a 14;0;Todos;2;Feminino;3;Unidade da federação;22;Piauí;0;1;0;0;0;0;0;0;0;0;0;0;1
2013;2013;2;Óbitos por ocorrência;204394;(J45) Asma;1;Notificação de óbitos;1;Número de óbitos;0;Todos;0;Todos;2004;10 a 14;0;Todos;2;Feminino;3;Unidade da federação;23;Ceará;0;0;0;0;0;0;0;0;0;0;0;0;0
2013;2013;2;Óbitos por ocorrência;204394;(J45) Asma;1;Notificação de óbitos;1;Número de óbitos;0;Todos;0;Todos;2004;10 a 14;0;Todos;2;Feminino;3;Unidade da federação;24;Rio Grande do Norte;0;0;0;0;0;0;1;0;0;0;0;0;1
2013;2013;2;Óbitos por ocorrência;204394;(J45) Asma;1;Notificação de óbitos;1;Número de óbitos;0;Todos;0;Todos;2004;10 a 14;0;Todos;2;Feminino;3;Unidade da federação;25;Paraíba;0;0;0;0;0;0;0;0;0;0;0;0;0
2013;2013;2;Óbitos por ocorrência;204394;(J45) Asma;1;Notificação de óbitos;1;Número de óbitos;0;Todos;0;Todos;2004;10 a 14;0;Todos;2;Feminino;3;Unidade da federação;26;Pernambuco;0;0;0;0;0;0;0;1;0;0;0;0;1
2013;2013;2;Óbitos por ocorrência;204394;(J45) Asma;1;Notificação de óbitos;1;Número de óbitos;0;Todos;0;Todos;2004;10 a 14;0;Todos;2;Feminino;3;Unidade da federação;27;Alagoas;0;0;0;0;0;0;0;0;0;0;0;0;0
2013;2013;2;Óbitos por ocorrência;204394;(J45) Asma;1;Notificação de óbitos;1;Número de óbitos;0;Todos;0;Todos;2004;10 a 14;0;Todos;2;Feminino;3;Unidade da federação;28;Sergipe;0;0;0;0;0;0;0;0;0;0;0;0;0
2013;2013;2;Óbitos por ocorrência;204394;(J45) Asma;1;Notificação de óbitos;1;Número de óbitos;0;Todos;0;Todos;2004;10 a 14;0;Todos;2;Feminino;3;Unidade da federação;29;Bahia;0;0;0;0;0;0;0;0;0;0;0;0;0
2013;2013;2;Óbitos por ocorrência;204394;(J45) Asma;1;Notificação de óbitos;1;Número de óbitos;0;Todos;0;Todos;2004;10 a 14;0;Todos;2;Feminino;2;Região;3;Sudeste;0;0;0;1;0;0;0;0;1;0;0;0;2
2013;2013;2;Óbitos por ocorrência;204394;(J45) Asma;1;Notificação de óbitos;1;Número de óbitos;0;Todos;0;Todos;2004;10 a 14;0;Todos;2;Feminino;3;Unidade da federação;31;Minas Gerais;0;0;0;1;0;0;0;0;0;0;0;0;1
2013;2013;2;Óbitos por ocorrência;204394;(J45) Asma;1;Notificação de óbitos;1;Número de óbitos;0;Todos;0;Todos;2004;10 a 14;0;Todos;2;Feminino;3;Unidade da federação;32;Espírito Santo;0;0;0;0;0;0;0;0;0;0;0;0;0
2013;2013;2;Óbitos por ocorrência;204394;(J45) Asma;1;Notificação de óbitos;1;Número de óbitos;0;Todos;0;Todos;2004;10 a 14;0;Todos;2;Feminino;3;Unidade da federação;33;Rio de Janeiro;0;0;0;0;0;0;0;0;1;0;0;0;1
2013;2013;2;Óbitos por ocorrência;204394;(J45) Asma;1;Notificação de óbitos;1;Número de óbitos;0;Todos;0;Todos;2004;10 a 14;0;Todos;2;Feminino;3;Unidade da federação;35;São Paulo;0;0;0;0;0;0;0;0;0;0;0;0;0
2013;2013;2;Óbitos por ocorrência;204394;(J45) Asma;1;Notificação de óbitos;1;Número de óbitos;0;Todos;0;Todos;2004;10 a 14;0;Todos;2;Feminino;2;Região;4;Sul;0;0;0;1;0;0;0;0;0;0;1;0;2
2013;2013;2;Óbitos por ocorrência;204394;(J45) Asma;1;Notificação de óbitos;1;Número de óbitos;0;Todos;0;Todos;2004;10 a 14;0;Todos;2;Feminino;3;Unidade da federação;41;Paraná;0;0;0;1;0;0;0;0;0;0;1;0;2
2013;2013;2;Óbitos por ocorrência;204394;(J45) Asma;1;Notificação de óbitos;1;Número de óbitos;0;Todos;0;Todos;2004;10 a 14;0;Todos;2;Feminino;3;Unidade da federação;42;Santa Catarina;0;0;0;0;0;0;0;0;0;0;0;0;0
2013;2013;2;Óbitos por ocorrência;204394;(J45) Asma;1;Notificação de óbitos;1;Número de óbitos;0;Todos;0;Todos;2004;10 a 14;0;Todos;2;Feminino;3;Unidade da federação;43;Rio Grande do Sul;0;0;0;0;0;0;0;0;0;0;0;0;0
2013;2013;2;Óbitos por ocorrência;204394;(J45) Asma;1;Notificação de óbitos;1;Número de óbitos;0;Todos;0;Todos;2004;10 a 14;0;Todos;2;Feminino;2;Região;5;Centro-Oeste;0;0;0;0;0;0;0;0;0;0;0;0;0
2013;2013;2;Óbitos por ocorrência;204394;(J45) Asma;1;Notificação de óbitos;1;Número de óbitos;0;Todos;0;Todos;2004;10 a 14;0;Todos;2;Feminino;3;Unidade da federação;50;Mato Grosso do Sul;0;0;0;0;0;0;0;0;0;0;0;0;0
2013;2013;2;Óbitos por ocorrência;204394;(J45) Asma;1;Notificação de óbitos;1;Número de óbitos;0;Todos;0;Todos;2004;10 a 14;0;Todos;2;Feminino;3;Unidade da federação;51;Mato Grosso;0;0;0;0;0;0;0;0;0;0;0;0;0
2013;2013;2;Óbitos por ocorrência;204394;(J45) Asma;1;Notificação de óbitos;1;Número de óbitos;0;Todos;0;Todos;2004;10 a 14;0;Todos;2;Feminino;3;Unidade da federação;52;Goiás;0;0;0;0;0;0;0;0;0;0;0;0;0
2013;2013;2;Óbitos por ocorrência;204394;(J45) Asma;1;Notificação de óbitos;1;Número de óbitos;0;Todos;0;Todos;2004;10 a 14;0;Todos;2;Feminino;3;Unidade da federação;53;Distrito Federal;0;0;0;0;0;0;0;0;0;0;0;0;0
2013;2013;2;Óbitos por ocorrência;204394;(J45) Asma;1;Notificação de óbitos;1;Número de óbitos;0;Todos;0;Todos;2005;15 a 19;0;Todos;2;Feminino;1;País;76;Brasil;0;0;0;0;2;0;0;2;1;1;1;1;8
2013;2013;2;Óbitos por ocorrência;204394;(J45) Asma;1;Notificação de óbitos;1;Número de óbitos;0;Todos;0;Todos;2005;15 a 19;0;Todos;2;Feminino;2;Região;1;Norte;0;0;0;0;0;0;0;0;1;0;0;0;1
2013;2013;2;Óbitos por ocorrência;204394;(J45) Asma;1;Notificação de óbitos;1;Número de óbitos;0;Todos;0;Todos;2005;15 a 19;0;Todos;2;Feminino;3;Unidade da federação;11;Rondônia;0;0;0;0;0;0;0;0;0;0;0;0;0
2013;2013;2;Óbitos por ocorrência;204394;(J45) Asma;1;Notificação de óbitos;1;Número de óbitos;0;Todos;0;Todos;2005;15 a 19;0;Todos;2;Feminino;3;Unidade da federação;12;Acre;0;0;0;0;0;0;0;0;0;0;0;0;0
2013;2013;2;Óbitos por ocorrência;204394;(J45) Asma;1;Notificação de óbitos;1;Número de óbitos;0;Todos;0;Todos;2005;15 a 19;0;Todos;2;Feminino;3;Unidade da federação;13;Amazonas;0;0;0;0;0;0;0;0;0;0;0;0;0
2013;2013;2;Óbitos por ocorrência;204394;(J45) Asma;1;Notificação de óbitos;1;Número de óbitos;0;Todos;0;Todos;2005;15 a 19;0;Todos;2;Feminino;3;Unidade da federação;14;Roraima;0;0;0;0;0;0;0;0;0;0;0;0;0
2013;2013;2;Óbitos por ocorrência;204394;(J45) Asma;1;Notificação de óbitos;1;Número de óbitos;0;Todos;0;Todos;2005;15 a 19;0;Todos;2;Feminino;3;Unidade da federação;15;Pará;0;0;0;0;0;0;0;0;1;0;0;0;1
2013;2013;2;Óbitos por ocorrência;204394;(J45) Asma;1;Notificação de óbitos;1;Número de óbitos;0;Todos;0;Todos;2005;15 a 19;0;Todos;2;Feminino;3;Unidade da federação;16;Amapá;0;0;0;0;0;0;0;0;0;0;0;0;0
2013;2013;2;Óbitos por ocorrência;204394;(J45) Asma;1;Notificação de óbitos;1;Número de óbitos;0;Todos;0;Todos;2005;15 a 19;0;Todos;2;Feminino;3;Unidade da federação;17;Tocantins;0;0;0;0;0;0;0;0;0;0;0;0;0
2013;2013;2;Óbitos por ocorrência;204394;(J45) Asma;1;Notificação de óbitos;1;Número de óbitos;0;Todos;0;Todos;2005;15 a 19;0;Todos;2;Feminino;2;Região;2;Nordeste;0;0;0;0;1;0;0;0;0;0;0;0;1
2013;2013;2;Óbitos por ocorrência;204394;(J45) Asma;1;Notificação de óbitos;1;Número de óbitos;0;Todos;0;Todos;2005;15 a 19;0;Todos;2;Feminino;3;Unidade da federação;21;Maranhão;0;0;0;0;0;0;0;0;0;0;0;0;0
2013;2013;2;Óbitos por ocorrência;204394;(J45) Asma;1;Notificação de óbitos;1;Número de óbitos;0;Todos;0;Todos;2005;15 a 19;0;Todos;2;Feminino;3;Unidade da federação;22;Piauí;0;0;0;0;1;0;0;0;0;0;0;0;1
2013;2013;2;Óbitos por ocorrência;204394;(J45) Asma;1;Notificação de óbitos;1;Número de óbitos;0;Todos;0;Todos;2005;15 a 19;0;Todos;2;Feminino;3;Unidade da federação;23;Ceará;0;0;0;0;0;0;0;0;0;0;0;0;0
2013;2013;2;Óbitos por ocorrência;204394;(J45) Asma;1;Notificação de óbitos;1;Número de óbitos;0;Todos;0;Todos;2005;15 a 19;0;Todos;2;Feminino;3;Unidade da federação;24;Rio Grande do Norte;0;0;0;0;0;0;0;0;0;0;0;0;0
2013;2013;2;Óbitos por ocorrência;204394;(J45) Asma;1;Notificação de óbitos;1;Número de óbitos;0;Todos;0;Todos;2005;15 a 19;0;Todos;2;Feminino;3;Unidade da federação;25;Paraíba;0;0;0;0;0;0;0;0;0;0;0;0;0
2013;2013;2;Óbitos por ocorrência;204394;(J45) Asma;1;Notificação de óbitos;1;Número de óbitos;0;Todos;0;Todos;2005;15 a 19;0;Todos;2;Feminino;3;Unidade da federação;26;Pernambuco;0;0;0;0;0;0;0;0;0;0;0;0;0
2013;2013;2;Óbitos por ocorrência;204394;(J45) Asma;1;Notificação de óbitos;1;Número de óbitos;0;Todos;0;Todos;2005;15 a 19;0;Todos;2;Feminino;3;Unidade da federação;27;Alagoas;0;0;0;0;0;0;0;0;0;0;0;0;0
2013;2013;2;Óbitos por ocorrência;204394;(J45) Asma;1;Notificação de óbitos;1;Número de óbitos;0;Todos;0;Todos;2005;15 a 19;0;Todos;2;Feminino;3;Unidade da federação;28;Sergipe;0;0;0;0;0;0;0;0;0;0;0;0;0
2013;2013;2;Óbitos por ocorrência;204394;(J45) Asma;1;Notificação de óbitos;1;Número de óbitos;0;Todos;0;Todos;2005;15 a 19;0;Todos;2;Feminino;3;Unidade da federação;29;Bahia;0;0;0;0;0;0;0;0;0;0;0;0;0
2013;2013;2;Óbitos por ocorrência;204394;(J45) Asma;1;Notificação de óbitos;1;Número de óbitos;0;Todos;0;Todos;2005;15 a 19;0;Todos;2;Feminino;2;Região;3;Sudeste;0;0;0;0;1;0;0;1;0;1;1;1;5
2013;2013;2;Óbitos por ocorrência;204394;(J45) Asma;1;Notificação de óbitos;1;Número de óbitos;0;Todos;0;Todos;2005;15 a 19;0;Todos;2;Feminino;3;Unidade da federação;31;Minas Gerais;0;0;0;0;0;0;0;0;0;0;0;1;1
2013;2013;2;Óbitos por ocorrência;204394;(J45) Asma;1;Notificação de óbitos;1;Número de óbitos;0;Todos;0;Todos;2005;15 a 19;0;Todos;2;Feminino;3;Unidade da federação;32;Espírito Santo;0;0;0;0;0;0;0;0;0;0;0;0;0
2013;2013;2;Óbitos por ocorrência;204394;(J45) Asma;1;Notificação de óbitos;1;Número de óbitos;0;Todos;0;Todos;2005;15 a 19;0;Todos;2;Feminino;3;Unidade da federação;33;Rio de Janeiro;0;0;0;0;0;0;0;0;0;0;0;0;0
2013;2013;2;Óbitos por ocorrência;204394;(J45) Asma;1;Notificação de óbitos;1;Número de óbitos;0;Todos;0;Todos;2005;15 a 19;0;Todos;2;Feminino;3;Unidade da federação;35;São Paulo;0;0;0;0;1;0;0;1;0;1;1;0;4
2013;2013;2;Óbitos por ocorrência;204394;(J45) Asma;1;Notificação de óbitos;1;Número de óbitos;0;Todos;0;Todos;2005;15 a 19;0;Todos;2;Feminino;2;Região;4;Sul;0;0;0;0;0;0;0;0;0;0;0;0;0
2013;2013;2;Óbitos por ocorrência;204394;(J45) Asma;1;Notificação de óbitos;1;Número de óbitos;0;Todos;0;Todos;2005;15 a 19;0;Todos;2;Feminino;3;Unidade da federação;41;Paraná;0;0;0;0;0;0;0;0;0;0;0;0;0
2013;2013;2;Óbitos por ocorrência;204394;(J45) Asma;1;Notificação de óbitos;1;Número de óbitos;0;Todos;0;Todos;2005;15 a 19;0;Todos;2;Feminino;3;Unidade da federação;42;Santa Catarina;0;0;0;0;0;0;0;0;0;0;0;0;0
2013;2013;2;Óbitos por ocorrência;204394;(J45) Asma;1;Notificação de óbitos;1;Número de óbitos;0;Todos;0;Todos;2005;15 a 19;0;Todos;2;Feminino;3;Unidade da federação;43;Rio Grande do Sul;0;0;0;0;0;0;0;0;0;0;0;0;0
2013;2013;2;Óbitos por ocorrência;204394;(J45) Asma;1;Notificação de óbitos;1;Número de óbitos;0;Todos;0;Todos;2005;15 a 19;0;Todos;2;Feminino;2;Região;5;Centro-Oeste;0;0;0;0;0;0;0;1;0;0;0;0;1
2013;2013;2;Óbitos por ocorrência;204394;(J45) Asma;1;Notificação de óbitos;1;Número de óbitos;0;Todos;0;Todos;2005;15 a 19;0;Todos;2;Feminino;3;Unidade da federação;50;Mato Grosso do Sul;0;0;0;0;0;0;0;0;0;0;0;0;0
2013;2013;2;Óbitos por ocorrência;204394;(J45) Asma;1;Notificação de óbitos;1;Número de óbitos;0;Todos;0;Todos;2005;15 a 19;0;Todos;2;Feminino;3;Unidade da federação;51;Mato Grosso;0;0;0;0;0;0;0;0;0;0;0;0;0
2013;2013;2;Óbitos por ocorrência;204394;(J45) Asma;1;Notificação de óbitos;1;Número de óbitos;0;Todos;0;Todos;2005;15 a 19;0;Todos;2;Feminino;3;Unidade da federação;52;Goiás;0;0;0;0;0;0;0;0;0;0;0;0;0
2013;2013;2;Óbitos por ocorrência;204394;(J45) Asma;1;Notificação de óbitos;1;Número de óbitos;0;Todos;0;Todos;2005;15 a 19;0;Todos;2;Feminino;3;Unidade da federação;53;Distrito Federal;0;0;0;0;0;0;0;1;0;0;0;0;1
2013;2013;2;Óbitos por ocorrência;204394;(J45) Asma;1;Notificação de óbitos;1;Número de óbitos;0;Todos;0;Todos;2006;20 a 29;0;Todos;2;Feminino;1;País;76;Brasil;3;3;1;5;4;0;1;3;2;2;5;1;30
2013;2013;2;Óbitos por ocorrência;204394;(J45) Asma;1;Notificação de óbitos;1;Número de óbitos;0;Todos;0;Todos;2006;20 a 29;0;Todos;2;Feminino;2;Região;1;Norte;0;1;0;1;2;0;0;1;0;0;1;0;6
2013;2013;2;Óbitos por ocorrência;204394;(J45) Asma;1;Notificação de óbitos;1;Número de óbitos;0;Todos;0;Todos;2006;20 a 29;0;Todos;2;Feminino;3;Unidade da federação;11;Rondônia;0;0;0;0;0;0;0;1;0;0;0;0;1
2013;2013;2;Óbitos por ocorrência;204394;(J45) Asma;1;Notificação de óbitos;1;Número de óbitos;0;Todos;0;Todos;2006;20 a 29;0;Todos;2;Feminino;3;Unidade da federação;12;Acre;0;0;0;0;0;0;0;0;0;0;0;0;0
2013;2013;2;Óbitos por ocorrência;204394;(J45) Asma;1;Notificação de óbitos;1;Número de óbitos;0;Todos;0;Todos;2006;20 a 29;0;Todos;2;Feminino;3;Unidade da federação;13;Amazonas;0;1;0;0;0;0;0;0;0;0;0;0;1
2013;2013;2;Óbitos por ocorrência;204394;(J45) Asma;1;Notificação de óbitos;1;Número de óbitos;0;Todos;0;Todos;2006;20 a 29;0;Todos;2;Feminino;3;Unidade da federação;14;Roraima;0;0;0;0;0;0;0;0;0;0;1;0;1
2013;2013;2;Óbitos por ocorrência;204394;(J45) Asma;1;Notificação de óbitos;1;Número de óbitos;0;Todos;0;Todos;2006;20 a 29;0;Todos;2;Feminino;3;Unidade da federação;15;Pará;0;0;0;0;0;0;0;0;0;0;0;0;0
2013;2013;2;Óbitos por ocorrência;204394;(J45) Asma;1;Notificação de óbitos;1;Número de óbitos;0;Todos;0;Todos;2006;20 a 29;0;Todos;2;Feminino;3;Unidade da federação;16;Amapá;0;0;0;1;2;0;0;0;0;0;0;0;3
2013;2013;2;Óbitos por ocorrência;204394;(J45) Asma;1;Notificação de óbitos;1;Número de óbitos;0;Todos;0;Todos;2006;20 a 29;0;Todos;2;Feminino;3;Unidade da federação;17;Tocantins;0;0;0;0;0;0;0;0;0;0;0;0;0
2013;2013;2;Óbitos por ocorrência;204394;(J45) Asma;1;Notificação de óbitos;1;Número de óbitos;0;Todos;0;Todos;2006;20 a 29;0;Todos;2;Feminino;2;Região;2;Nordeste;1;0;0;1;1;0;1;1;0;1;1;0;7
2013;2013;2;Óbitos por ocorrência;204394;(J45) Asma;1;Notificação de óbitos;1;Número de óbitos;0;Todos;0;Todos;2006;20 a 29;0;Todos;2;Feminino;3;Unidade da federação;21;Maranhão;0;0;0;0;0;0;0;0;0;0;0;0;0
2013;2013;2;Óbitos por ocorrência;204394;(J45) Asma;1;Notificação de óbitos;1;Número de óbitos;0;Todos;0;Todos;2006;20 a 29;0;Todos;2;Feminino;3;Unidade da federação;22;Piauí;0;0;0;0;0;0;0;0;0;0;0;0;0
2013;2013;2;Óbitos por ocorrência;204394;(J45) Asma;1;Notificação de óbitos;1;Número de óbitos;0;Todos;0;Todos;2006;20 a 29;0;Todos;2;Feminino;3;Unidade da federação;23;Ceará;1;0;0;0;0;0;0;0;0;0;0;0;1
2013;2013;2;Óbitos por ocorrência;204394;(J45) Asma;1;Notificação de óbitos;1;Número de óbitos;0;Todos;0;Todos;2006;20 a 29;0;Todos;2;Feminino;3;Unidade da federação;24;Rio Grande do Norte;0;0;0;0;0;0;0;1;0;0;0;0;1
2013;2013;2;Óbitos por ocorrência;204394;(J45) Asma;1;Notificação de óbitos;1;Número de óbitos;0;Todos;0;Todos;2006;20 a 29;0;Todos;2;Feminino;3;Unidade da federação;25;Paraíba;0;0;0;0;0;0;0;0;0;0;0;0;0
2013;2013;2;Óbitos por ocorrência;204394;(J45) Asma;1;Notificação de óbitos;1;Número de óbitos;0;Todos;0;Todos;2006;20 a 29;0;Todos;2;Feminino;3;Unidade da federação;26;Pernambuco;0;0;0;0;1;0;0;0;0;1;0;0;2
2013;2013;2;Óbitos por ocorrência;204394;(J45) Asma;1;Notificação de óbitos;1;Número de óbitos;0;Todos;0;Todos;2006;20 a 29;0;Todos;2;Feminino;3;Unidade da federação;27;Alagoas;0;0;0;0;0;0;1;0;0;0;0;0;1
2013;2013;2;Óbitos por ocorrência;204394;(J45) Asma;1;Notificação de óbitos;1;Número de óbitos;0;Todos;0;Todos;2006;20 a 29;0;Todos;2;Feminino;3;Unidade da federação;28;Sergipe;0;0;0;0;0;0;0;0;0;0;0;0;0
2013;2013;2;Óbitos por ocorrência;204394;(J45) Asma;1;Notificação de óbitos;1;Número de óbitos;0;Todos;0;Todos;2006;20 a 29;0;Todos;2;Feminino;3;Unidade da federação;29;Bahia;0;0;0;1;0;0;0;0;0;0;1;0;2
2013;2013;2;Óbitos por ocorrência;204394;(J45) Asma;1;Notificação de óbitos;1;Número de óbitos;0;Todos;0;Todos;2006;20 a 29;0;Todos;2;Feminino;2;Região;3;Sudeste;1;2;1;3;0;0;0;1;1;0;2;0;11
2013;2013;2;Óbitos por ocorrência;204394;(J45) Asma;1;Notificação de óbitos;1;Número de óbitos;0;Todos;0;Todos;2006;20 a 29;0;Todos;2;Feminino;3;Unidade da federação;31;Minas Gerais;0;0;0;2;0;0;0;0;1;0;1;0;4
2013;2013;2;Óbitos por ocorrência;204394;(J45) Asma;1;Notificação de óbitos;1;Número de óbitos;0;Todos;0;Todos;2006;20 a 29;0;Todos;2;Feminino;3;Unidade da federação;32;Espírito Santo;0;0;0;0;0;0;0;0;0;0;0;0;0
2013;2013;2;Óbitos por ocorrência;204394;(J45) Asma;1;Notificação de óbitos;1;Número de óbitos;0;Todos;0;Todos;2006;20 a 29;0;Todos;2;Feminino;3;Unidade da federação;33;Rio de Janeiro;0;0;0;1;0;0;0;1;0;0;0;0;2
2013;2013;2;Óbitos por ocorrência;204394;(J45) Asma;1;Notificação de óbitos;1;Número de óbitos;0;Todos;0;Todos;2006;20 a 29;0;Todos;2;Feminino;3;Unidade da federação;35;São Paulo;1;2;1;0;0;0;0;0;0;0;1;0;5
2013;2013;2;Óbitos por ocorrência;204394;(J45) Asma;1;Notificação de óbitos;1;Número de óbitos;0;Todos;0;Todos;2006;20 a 29;0;Todos;2;Feminino;2;Região;4;Sul;1;0;0;0;0;0;0;0;1;0;1;1;4
2013;2013;2;Óbitos por ocorrência;204394;(J45) Asma;1;Notificação de óbitos;1;Número de óbitos;0;Todos;0;Todos;2006;20 a 29;0;Todos;2;Feminino;3;Unidade da federação;41;Paraná;0;0;0;0;0;0;0;0;0;0;0;0;0
2013;2013;2;Óbitos por ocorrência;204394;(J45) Asma;1;Notificação de óbitos;1;Número de óbitos;0;Todos;0;Todos;2006;20 a 29;0;Todos;2;Feminino;3;Unidade da federação;42;Santa Catarina;0;0;0;0;0;0;0;0;0;0;0;0;0
2013;2013;2;Óbitos por ocorrência;204394;(J45) Asma;1;Notificação de óbitos;1;Número de óbitos;0;Todos;0;Todos;2006;20 a 29;0;Todos;2;Feminino;3;Unidade da federação;43;Rio Grande do Sul;1;0;0;0;0;0;0;0;1;0;1;1;4
2013;2013;2;Óbitos por ocorrência;204394;(J45) Asma;1;Notificação de óbitos;1;Número de óbitos;0;Todos;0;Todos;2006;20 a 29;0;Todos;2;Feminino;2;Região;5;Centro-Oeste;0;0;0;0;1;0;0;0;0;1;0;0;2
2013;2013;2;Óbitos por ocorrência;204394;(J45) Asma;1;Notificação de óbitos;1;Número de óbitos;0;Todos;0;Todos;2006;20 a 29;0;Todos;2;Feminino;3;Unidade da federação;50;Mato Grosso do Sul;0;0;0;0;0;0;0;0;0;0;0;0;0
2013;2013;2;Óbitos por ocorrência;204394;(J45) Asma;1;Notificação de óbitos;1;Número de óbitos;0;Todos;0;Todos;2006;20 a 29;0;Todos;2;Feminino;3;Unidade da federação;51;Mato Grosso;0;0;0;0;0;0;0;0;0;0;0;0;0
2013;2013;2;Óbitos por ocorrência;204394;(J45) Asma;1;Notificação de óbitos;1;Número de óbitos;0;Todos;0;Todos;2006;20 a 29;0;Todos;2;Feminino;3;Unidade da federação;52;Goiás;0;0;0;0;1;0;0;0;0;1;0;0;2
2013;2013;2;Óbitos por ocorrência;204394;(J45) Asma;1;Notificação de óbitos;1;Número de óbitos;0;Todos;0;Todos;2006;20 a 29;0;Todos;2;Feminino;3;Unidade da federação;53;Distrito Federal;0;0;0;0;0;0;0;0;0;0;0;0;0
2013;2013;2;Óbitos por ocorrência;204394;(J45) Asma;1;Notificação de óbitos;1;Número de óbitos;0;Todos;0;Todos;2007;30 a 39;0;Todos;2;Feminino;1;País;76;Brasil;6;10;2;9;3;2;3;8;3;7;5;6;64
2013;2013;2;Óbitos por ocorrência;204394;(J45) Asma;1;Notificação de óbitos;1;Número de óbitos;0;Todos;0;Todos;2007;30 a 39;0;Todos;2;Feminino;2;Região;1;Norte;0;0;0;0;1;0;0;1;0;0;1;1;4
2013;2013;2;Óbitos por ocorrência;204394;(J45) Asma;1;Notificação de óbitos;1;Número de óbitos;0;Todos;0;Todos;2007;30 a 39;0;Todos;2;Feminino;3;Unidade da federação;11;Rondônia;0;0;0;0;0;0;0;0;0;0;1;0;1
2013;2013;2;Óbitos por ocorrência;204394;(J45) Asma;1;Notificação de óbitos;1;Número de óbitos;0;Todos;0;Todos;2007;30 a 39;0;Todos;2;Feminino;3;Unidade da federação;12;Acre;0;0;0;0;0;0;0;0;0;0;0;1;1
2013;2013;2;Óbitos por ocorrência;204394;(J45) Asma;1;Notificação de óbitos;1;Número de óbitos;0;Todos;0;Todos;2007;30 a 39;0;Todos;2;Feminino;3;Unidade da federação;13;Amazonas;0;0;0;0;0;0;0;0;0;0;0;0;0
2013;2013;2;Óbitos por ocorrência;204394;(J45) Asma;1;Notificação de óbitos;1;Número de óbitos;0;Todos;0;Todos;2007;30 a 39;0;Todos;2;Feminino;3;Unidade da federação;14;Roraima;0;0;0;0;0;0;0;0;0;0;0;0;0
2013;2013;2;Óbitos por ocorrência;204394;(J45) Asma;1;Notificação de óbitos;1;Número de óbitos;0;Todos;0;Todos;2007;30 a 39;0;Todos;2;Feminino;3;Unidade da federação;15;Pará;0;0;0;0;1;0;0;1;0;0;0;0;2
2013;2013;2;Óbitos por ocorrência;204394;(J45) Asma;1;Notificação de óbitos;1;Número de óbitos;0;Todos;0;Todos;2007;30 a 39;0;Todos;2;Feminino;3;Unidade da federação;16;Amapá;0;0;0;0;0;0;0;0;0;0;0;0;0
2013;2013;2;Óbitos por ocorrência;204394;(J45) Asma;1;Notificação de óbitos;1;Número de óbitos;0;Todos;0;Todos;2007;30 a 39;0;Todos;2;Feminino;3;Unidade da federação;17;Tocantins;0;0;0;0;0;0;0;0;0;0;0;0;0
2013;2013;2;Óbitos por ocorrência;204394;(J45) Asma;1;Notificação de óbitos;1;Número de óbitos;0;Todos;0;Todos;2007;30 a 39;0;Todos;2;Feminino;2;Região;2;Nordeste;2;0;0;3;0;0;2;4;0;1;1;1;14
2013;2013;2;Óbitos por ocorrência;204394;(J45) Asma;1;Notificação de óbitos;1;Número de óbitos;0;Todos;0;Todos;2007;30 a 39;0;Todos;2;Feminino;3;Unidade da federação;21;Maranhão;0;0;0;1;0;0;0;0;0;0;0;0;1
2013;2013;2;Óbitos por ocorrência;204394;(J45) Asma;1;Notificação de óbitos;1;Número de óbitos;0;Todos;0;Todos;2007;30 a 39;0;Todos;2;Feminino;3;Unidade da federação;22;Piauí;0;0;0;0;0;0;0;1;0;0;0;0;1
2013;2013;2;Óbitos por ocorrência;204394;(J45) Asma;1;Notificação de óbitos;1;Número de óbitos;0;Todos;0;Todos;2007;30 a 39;0;Todos;2;Feminino;3;Unidade da federação;23;Ceará;1;0;0;0;0;0;0;0;0;0;0;0;1
2013;2013;2;Óbitos por ocorrência;204394;(J45) Asma;1;Notificação de óbitos;1;Número de óbitos;0;Todos;0;Todos;2007;30 a 39;0;Todos;2;Feminino;3;Unidade da federação;24;Rio Grande do Norte;0;0;0;0;0;0;0;0;0;0;0;0;0
2013;2013;2;Óbitos por ocorrência;204394;(J45) Asma;1;Notificação de óbitos;1;Número de óbitos;0;Todos;0;Todos;2007;30 a 39;0;Todos;2;Feminino;3;Unidade da federação;25;Paraíba;0;0;0;0;0;0;0;0;0;1;0;0;1
2013;2013;2;Óbitos por ocorrência;204394;(J45) Asma;1;Notificação de óbitos;1;Número de óbitos;0;Todos;0;Todos;2007;30 a 39;0;Todos;2;Feminino;3;Unidade da federação;26;Pernambuco;0;0;0;0;0;0;0;1;0;0;1;1;3
2013;2013;2;Óbitos por ocorrência;204394;(J45) Asma;1;Notificação de óbitos;1;Número de óbitos;0;Todos;0;Todos;2007;30 a 39;0;Todos;2;Feminino;3;Unidade da federação;27;Alagoas;1;0;0;0;0;0;0;0;0;0;0;0;1
2013;2013;2;Óbitos por ocorrência;204394;(J45) Asma;1;Notificação de óbitos;1;Número de óbitos;0;Todos;0;Todos;2007;30 a 39;0;Todos;2;Feminino;3;Unidade da federação;28;Sergipe;0;0;0;0;0;0;0;0;0;0;0;0;0
2013;2013;2;Óbitos por ocorrência;204394;(J45) Asma;1;Notificação de óbitos;1;Número de óbitos;0;Todos;0;Todos;2007;30 a 39;0;Todos;2;Feminino;3;Unidade da federação;29;Bahia;0;0;0;2;0;0;2;2;0;0;0;0;6
2013;2013;2;Óbitos por ocorrência;204394;(J45) Asma;1;Notificação de óbitos;1;Número de óbitos;0;Todos;0;Todos;2007;30 a 39;0;Todos;2;Feminino;2;Região;3;Sudeste;4;7;1;3;2;2;0;3;2;5;2;4;35
2013;2013;2;Óbitos por ocorrência;204394;(J45) Asma;1;Notificação de óbitos;1;Número de óbitos;0;Todos;0;Todos;2007;30 a 39;0;Todos;2;Feminino;3;Unidade da federação;31;Minas Gerais;1;0;0;1;1;0;0;1;0;1;1;1;7
2013;2013;2;Óbitos por ocorrência;204394;(J45) Asma;1;Notificação de óbitos;1;Número de óbitos;0;Todos;0;Todos;2007;30 a 39;0;Todos;2;Feminino;3;Unidade da federação;32;Espírito Santo;0;0;0;0;1;0;0;0;0;0;0;0;1
2013;2013;2;Óbitos por ocorrência;204394;(J45) Asma;1;Notificação de óbitos;1;Número de óbitos;0;Todos;0;Todos;2007;30 a 39;0;Todos;2;Feminino;3;Unidade da federação;33;Rio de Janeiro;1;3;0;1;0;0;0;2;0;1;0;1;9
2013;2013;2;Óbitos por ocorrência;204394;(J45) Asma;1;Notificação de óbitos;1;Número de óbitos;0;Todos;0;Todos;2007;30 a 39;0;Todos;2;Feminino;3;Unidade da federação;35;São Paulo;2;4;1;1;0;2;0;0;2;3;1;2;18
2013;2013;2;Óbitos por ocorrência;204394;(J45) Asma;1;Notificação de óbitos;1;Número de óbitos;0;Todos;0;Todos;2007;30 a 39;0;Todos;2;Feminino;2;Região;4;Sul;0;2;0;0;0;0;1;0;0;1;1;0;5
2013;2013;2;Óbitos por ocorrência;204394;(J45) Asma;1;Notificação de óbitos;1;Número de óbitos;0;Todos;0;Todos;2007;30 a 39;0;Todos;2;Feminino;3;Unidade da federação;41;Paraná;0;1;0;0;0;0;0;0;0;1;1;0;3
2013;2013;2;Óbitos por ocorrência;204394;(J45) Asma;1;Notificação de óbitos;1;Número de óbitos;0;Todos;0;Todos;2007;30 a 39;0;Todos;2;Feminino;3;Unidade da federação;42;Santa Catarina;0;0;0;0;0;0;1;0;0;0;0;0;1
2013;2013;2;Óbitos por ocorrência;204394;(J45) Asma;1;Notificação de óbitos;1;Número de óbitos;0;Todos;0;Todos;2007;30 a 39;0;Todos;2;Feminino;3;Unidade da federação;43;Rio Grande do Sul;0;1;0;0;0;0;0;0;0;0;0;0;1
2013;2013;2;Óbitos por ocorrência;204394;(J45) Asma;1;Notificação de óbitos;1;Número de óbitos;0;Todos;0;Todos;2007;30 a 39;0;Todos;2;Feminino;2;Região;5;Centro-Oeste;0;1;1;3;0;0;0;0;1;0;0;0;6
2013;2013;2;Óbitos por ocorrência;204394;(J45) Asma;1;Notificação de óbitos;1;Número de óbitos;0;Todos;0;Todos;2007;30 a 39;0;Todos;2;Feminino;3;Unidade da federação;50;Mato Grosso do Sul;0;0;0;1;0;0;0;0;0;0;0;0;1
2013;2013;2;Óbitos por ocorrência;204394;(J45) Asma;1;Notificação de óbitos;1;Número de óbitos;0;Todos;0;Todos;2007;30 a 39;0;Todos;2;Feminino;3;Unidade da federação;51;Mato Grosso;0;0;1;1;0;0;0;0;0;0;0;0;2
2013;2013;2;Óbitos por ocorrência;204394;(J45) Asma;1;Notificação de óbitos;1;Número de óbitos;0;Todos;0;Todos;2007;30 a 39;0;Todos;2;Feminino;3;Unidade da federação;52;Goiás;0;0;0;1;0;0;0;0;1;0;0;0;2
2013;2013;2;Óbitos por ocorrência;204394;(J45) Asma;1;Notificação de óbitos;1;Número de óbitos;0;Todos;0;Todos;2007;30 a 39;0;Todos;2;Feminino;3;Unidade da federação;53;Distrito Federal;0;1;0;0;0;0;0;0;0;0;0;0;1
2013;2013;2;Óbitos por ocorrência;204394;(J45) Asma;1;Notificação de óbitos;1;Número de óbitos;0;Todos;0;Todos;2008;40 a 49;0;Todos;2;Feminino;1;País;76;Brasil;9;8;8;9;18;6;12;13;8;12;8;4;115
2013;2013;2;Óbitos por ocorrência;204394;(J45) Asma;1;Notificação de óbitos;1;Número de óbitos;0;Todos;0;Todos;2008;40 a 49;0;Todos;2;Feminino;2;Região;1;Norte;2;0;1;0;0;1;2;1;0;1;1;0;9
2013;2013;2;Óbitos por ocorrência;204394;(J45) Asma;1;Notificação de óbitos;1;Número de óbitos;0;Todos;0;Todos;2008;40 a 49;0;Todos;2;Feminino;3;Unidade da federação;11;Rondônia;0;0;0;0;0;0;0;0;0;0;0;0;0
2013;2013;2;Óbitos por ocorrência;204394;(J45) Asma;1;Notificação de óbitos;1;Número de óbitos;0;Todos;0;Todos;2008;40 a 49;0;Todos;2;Feminino;3;Unidade da federação;12;Acre;0;0;0;0;0;0;1;1;0;0;0;0;2
2013;2013;2;Óbitos por ocorrência;204394;(J45) Asma;1;Notificação de óbitos;1;Número de óbitos;0;Todos;0;Todos;2008;40 a 49;0;Todos;2;Feminino;3;Unidade da federação;13;Amazonas;0;0;1;0;0;1;0;0;0;0;0;0;2
2013;2013;2;Óbitos por ocorrência;204394;(J45) Asma;1;Notificação de óbitos;1;Número de óbitos;0;Todos;0;Todos;2008;40 a 49;0;Todos;2;Feminino;3;Unidade da federação;14;Roraima;0;0;0;0;0;0;0;0;0;0;0;0;0
2013;2013;2;Óbitos por ocorrência;204394;(J45) Asma;1;Notificação de óbitos;1;Número de óbitos;0;Todos;0;Todos;2008;40 a 49;0;Todos;2;Feminino;3;Unidade da federação;15;Pará;2;0;0;0;0;0;1;0;0;1;1;0;5
2013;2013;2;Óbitos por ocorrência;204394;(J45) Asma;1;Notificação de óbitos;1;Número de óbitos;0;Todos;0;Todos;2008;40 a 49;0;Todos;2;Feminino;3;Unidade da federação;16;Amapá;0;0;0;0;0;0;0;0;0;0;0;0;0
2013;2013;2;Óbitos por ocorrência;204394;(J45) Asma;1;Notificação de óbitos;1;Número de óbitos;0;Todos;0;Todos;2008;40 a 49;0;Todos;2;Feminino;3;Unidade da federação;17;Tocantins;0;0;0;0;0;0;0;0;0;0;0;0;0
2013;2013;2;Óbitos por ocorrência;204394;(J45) Asma;1;Notificação de óbitos;1;Número de óbitos;0;Todos;0;Todos;2008;40 a 49;0;Todos;2;Feminino;2;Região;2;Nordeste;2;2;2;3;3;3;2;2;5;2;1;0;27
2013;2013;2;Óbitos por ocorrência;204394;(J45) Asma;1;Notificação de óbitos;1;Número de óbitos;0;Todos;0;Todos;2008;40 a 49;0;Todos;2;Feminino;3;Unidade da federação;21;Maranhão;0;0;0;0;0;0;0;1;0;0;0;0;1
2013;2013;2;Óbitos por ocorrência;204394;(J45) Asma;1;Notificação de óbitos;1;Número de óbitos;0;Todos;0;Todos;2008;40 a 49;0;Todos;2;Feminino;3;Unidade da federação;22;Piauí;0;0;0;0;1;0;0;0;0;0;0;0;1
2013;2013;2;Óbitos por ocorrência;204394;(J45) Asma;1;Notificação de óbitos;1;Número de óbitos;0;Todos;0;Todos;2008;40 a 49;0;Todos;2;Feminino;3;Unidade da federação;23;Ceará;0;0;0;1;0;0;1;1;2;1;0;0;6
2013;2013;2;Óbitos por ocorrência;204394;(J45) Asma;1;Notificação de óbitos;1;Número de óbitos;0;Todos;0;Todos;2008;40 a 49;0;Todos;2;Feminino;3;Unidade da federação;24;Rio Grande do Norte;0;0;0;0;0;0;0;0;0;0;0;0;0
2013;2013;2;Óbitos por ocorrência;204394;(J45) Asma;1;Notificação de óbitos;1;Número de óbitos;0;Todos;0;Todos;2008;40 a 49;0;Todos;2;Feminino;3;Unidade da federação;25;Paraíba;0;0;0;0;0;0;0;0;1;1;0;0;2
2013;2013;2;Óbitos por ocorrência;204394;(J45) Asma;1;Notificação de óbitos;1;Número de óbitos;0;Todos;0;Todos;2008;40 a 49;0;Todos;2;Feminino;3;Unidade da federação;26;Pernambuco;1;0;0;0;1;0;0;0;0;0;1;0;3
2013;2013;2;Óbitos por ocorrência;204394;(J45) Asma;1;Notificação de óbitos;1;Número de óbitos;0;Todos;0;Todos;2008;40 a 49;0;Todos;2;Feminino;3;Unidade da federação;27;Alagoas;0;0;0;1;0;0;1;0;0;0;0;0;2
2013;2013;2;Óbitos por ocorrência;204394;(J45) Asma;1;Notificação de óbitos;1;Número de óbitos;0;Todos;0;Todos;2008;40 a 49;0;Todos;2;Feminino;3;Unidade da federação;28;Sergipe;0;0;0;0;0;0;0;0;0;0;0;0;0
2013;2013;2;Óbitos por ocorrência;204394;(J45) Asma;1;Notificação de óbitos;1;Número de óbitos;0;Todos;0;Todos;2008;40 a 49;0;Todos;2;Feminino;3;Unidade da federação;29;Bahia;1;2;2;1;1;3;0;0;2;0;0;0;12
2013;2013;2;Óbitos por ocorrência;204394;(J45) Asma;1;Notificação de óbitos;1;Número de óbitos;0;Todos;0;Todos;2008;40 a 49;0;Todos;2;Feminino;2;Região;3;Sudeste;3;3;4;3;11;2;4;8;1;7;3;1;50
2013;2013;2;Óbitos por ocorrência;204394;(J45) Asma;1;Notificação de óbitos;1;Número de óbitos;0;Todos;0;Todos;2008;40 a 49;0;Todos;2;Feminino;3;Unidade da federação;31;Minas Gerais;1;1;0;1;2;0;1;1;1;2;0;0;10
2013;2013;2;Óbitos por ocorrência;204394;(J45) Asma;1;Notificação de óbitos;1;Número de óbitos;0;Todos;0;Todos;2008;40 a 49;0;Todos;2;Feminino;3;Unidade da federação;32;Espírito Santo;1;0;0;0;0;0;0;0;0;0;1;0;2
2013;2013;2;Óbitos por ocorrência;204394;(J45) Asma;1;Notificação de óbitos;1;Número de óbitos;0;Todos;0;Todos;2008;40 a 49;0;Todos;2;Feminino;3;Unidade da federação;33;Rio de Janeiro;0;1;2;1;3;0;2;2;0;4;1;0;16
2013;2013;2;Óbitos por ocorrência;204394;(J45) Asma;1;Notificação de óbitos;1;Número de óbitos;0;Todos;0;Todos;2008;40 a 49;0;Todos;2;Feminino;3;Unidade da federação;35;São Paulo;1;1;2;1;6;2;1;5;0;1;1;1;22
2013;2013;2;Óbitos por ocorrência;204394;(J45) Asma;1;Notificação de óbitos;1;Número de óbitos;0;Todos;0;Todos;2008;40 a 49;0;Todos;2;Feminino;2;Região;4;Sul;1;2;1;1;3;0;3;1;1;2;3;3;21
2013;2013;2;Óbitos por ocorrência;204394;(J45) Asma;1;Notificação de óbitos;1;Número de óbitos;0;Todos;0;Todos;2008;40 a 49;0;Todos;2;Feminino;3;Unidade da federação;41;Paraná;0;2;0;0;0;0;0;0;0;1;0;2;5
2013;2013;2;Óbitos por ocorrência;204394;(J45) Asma;1;Notificação de óbitos;1;Número de óbitos;0;Todos;0;Todos;2008;40 a 49;0;Todos;2;Feminino;3;Unidade da federação;42;Santa Catarina;0;0;0;0;1;0;1;1;1;1;1;1;7
2013;2013;2;Óbitos por ocorrência;204394;(J45) Asma;1;Notificação de óbitos;1;Número de óbitos;0;Todos;0;Todos;2008;40 a 49;0;Todos;2;Feminino;3;Unidade da federação;43;Rio Grande do Sul;1;0;1;1;2;0;2;0;0;0;2;0;9
2013;2013;2;Óbitos por ocorrência;204394;(J45) Asma;1;Notificação de óbitos;1;Número de óbitos;0;Todos;0;Todos;2008;40 a 49;0;Todos;2;Feminino;2;Região;5;Centro-Oeste;1;1;0;2;1;0;1;1;1;0;0;0;8
2013;2013;2;Óbitos por ocorrência;204394;(J45) Asma;1;Notificação de óbitos;1;Número de óbitos;0;Todos;0;Todos;2008;40 a 49;0;Todos;2;Feminino;3;Unidade da federação;50;Mato Grosso do Sul;0;0;0;1;0;0;1;0;0;0;0;0;2
2013;2013;2;Óbitos por ocorrência;204394;(J45) Asma;1;Notificação de óbitos;1;Número de óbitos;0;Todos;0;Todos;2008;40 a 49;0;Todos;2;Feminino;3;Unidade da federação;51;Mato Grosso;0;0;0;0;1;0;0;0;1;0;0;0;2
2013;2013;2;Óbitos por ocorrência;204394;(J45) Asma;1;Notificação de óbitos;1;Número de óbitos;0;Todos;0;Todos;2008;40 a 49;0;Todos;2;Feminino;3;Unidade da federação;52;Goiás;1;1;0;0;0;0;0;1;0;0;0;0;3
2013;2013;2;Óbitos por ocorrência;204394;(J45) Asma;1;Notificação de óbitos;1;Número de óbitos;0;Todos;0;Todos;2008;40 a 49;0;Todos;2;Feminino;3;Unidade da federação;53;Distrito Federal;0;0;0;1;0;0;0;0;0;0;0;0;1
2013;2013;2;Óbitos por ocorrência;204394;(J45) Asma;1;Notificação de óbitos;1;Número de óbitos;0;Todos;0;Todos;2009;50 a 59;0;Todos;2;Feminino;1;País;76;Brasil;10;14;8;17;11;8;14;9;10;13;10;9;133
2013;2013;2;Óbitos por ocorrência;204394;(J45) Asma;1;Notificação de óbitos;1;Número de óbitos;0;Todos;0;Todos;2009;50 a 59;0;Todos;2;Feminino;2;Região;1;Norte;1;1;0;1;0;0;0;0;0;0;1;0;4
2013;2013;2;Óbitos por ocorrência;204394;(J45) Asma;1;Notificação de óbitos;1;Número de óbitos;0;Todos;0;Todos;2009;50 a 59;0;Todos;2;Feminino;3;Unidade da federação;11;Rondônia;0;1;0;0;0;0;0;0;0;0;0;0;1
2013;2013;2;Óbitos por ocorrência;204394;(J45) Asma;1;Notificação de óbitos;1;Número de óbitos;0;Todos;0;Todos;2009;50 a 59;0;Todos;2;Feminino;3;Unidade da federação;12;Acre;0;0;0;0;0;0;0;0;0;0;0;0;0
2013;2013;2;Óbitos por ocorrência;204394;(J45) Asma;1;Notificação de óbitos;1;Número de óbitos;0;Todos;0;Todos;2009;50 a 59;0;Todos;2;Feminino;3;Unidade da federação;13;Amazonas;0;0;0;0;0;0;0;0;0;0;1;0;1
2013;2013;2;Óbitos por ocorrência;204394;(J45) Asma;1;Notificação de óbitos;1;Número de óbitos;0;Todos;0;Todos;2009;50 a 59;0;Todos;2;Feminino;3;Unidade da federação;14;Roraima;0;0;0;0;0;0;0;0;0;0;0;0;0
2013;2013;2;Óbitos por ocorrência;204394;(J45) Asma;1;Notificação de óbitos;1;Número de óbitos;0;Todos;0;Todos;2009;50 a 59;0;Todos;2;Feminino;3;Unidade da federação;15;Pará;1;0;0;1;0;0;0;0;0;0;0;0;2
2013;2013;2;Óbitos por ocorrência;204394;(J45) Asma;1;Notificação de óbitos;1;Número de óbitos;0;Todos;0;Todos;2009;50 a 59;0;Todos;2;Feminino;3;Unidade da federação;16;Amapá;0;0;0;0;0;0;0;0;0;0;0;0;0
2013;2013;2;Óbitos por ocorrência;204394;(J45) Asma;1;Notificação de óbitos;1;Número de óbitos;0;Todos;0;Todos;2009;50 a 59;0;Todos;2;Feminino;3;Unidade da federação;17;Tocantins;0;0;0;0;0;0;0;0;0;0;0;0;0
2013;2013;2;Óbitos por ocorrência;204394;(J45) Asma;1;Notificação de óbitos;1;Número de óbitos;0;Todos;0;Todos;2009;50 a 59;0;Todos;2;Feminino;2;Região;2;Nordeste;2;4;3;3;5;3;2;3;3;3;3;1;35
2013;2013;2;Óbitos por ocorrência;204394;(J45) Asma;1;Notificação de óbitos;1;Número de óbitos;0;Todos;0;Todos;2009;50 a 59;0;Todos;2;Feminino;3;Unidade da federação;21;Maranhão;0;0;1;0;3;0;0;0;0;1;0;0;5
2013;2013;2;Óbitos por ocorrência;204394;(J45) Asma;1;Notificação de óbitos;1;Número de óbitos;0;Todos;0;Todos;2009;50 a 59;0;Todos;2;Feminino;3;Unidade da federação;22;Piauí;0;1;0;1;0;0;0;0;0;0;0;0;2
2013;2013;2;Óbitos por ocorrência;204394;(J45) Asma;1;Notificação de óbitos;1;Número de óbitos;0;Todos;0;Todos;2009;50 a 59;0;Todos;2;Feminino;3;Unidade da federação;23;Ceará;0;1;0;0;0;1;0;0;1;0;0;0;3
2013;2013;2;Óbitos por ocorrência;204394;(J45) Asma;1;Notificação de óbitos;1;Número de óbitos;0;Todos;0;Todos;2009;50 a 59;0;Todos;2;Feminino;3;Unidade da federação;24;Rio Grande do Norte;0;0;0;1;1;0;0;0;0;0;0;0;2
2013;2013;2;Óbitos por ocorrência;204394;(J45) Asma;1;Notificação de óbitos;1;Número de óbitos;0;Todos;0;Todos;2009;50 a 59;0;Todos;2;Feminino;3;Unidade da federação;25;Paraíba;0;0;1;0;0;0;0;0;0;0;0;0;1
2013;2013;2;Óbitos por ocorrência;204394;(J45) Asma;1;Notificação de óbitos;1;Número de óbitos;0;Todos;0;Todos;2009;50 a 59;0;Todos;2;Feminino;3;Unidade da federação;26;Pernambuco;1;0;0;1;0;0;0;0;0;1;2;1;6
2013;2013;2;Óbitos por ocorrência;204394;(J45) Asma;1;Notificação de óbitos;1;Número de óbitos;0;Todos;0;Todos;2009;50 a 59;0;Todos;2;Feminino;3;Unidade da federação;27;Alagoas;0;1;0;0;0;0;1;0;0;0;0;0;2
2013;2013;2;Óbitos por ocorrência;204394;(J45) Asma;1;Notificação de óbitos;1;Número de óbitos;0;Todos;0;Todos;2009;50 a 59;0;Todos;2;Feminino;3;Unidade da federação;28;Sergipe;0;0;0;0;0;0;0;1;0;0;0;0;1
2013;2013;2;Óbitos por ocorrência;204394;(J45) Asma;1;Notificação de óbitos;1;Número de óbitos;0;Todos;0;Todos;2009;50 a 59;0;Todos;2;Feminino;3;Unidade da federação;29;Bahia;1;1;1;0;1;2;1;2;2;1;1;0;13
2013;2013;2;Óbitos por ocorrência;204394;(J45) Asma;1;Notificação de óbitos;1;Número de óbitos;0;Todos;0;Todos;2009;50 a 59;0;Todos;2;Feminino;2;Região;3;Sudeste;5;4;4;9;3;3;7;3;3;7;3;5;56
2013;2013;2;Óbitos por ocorrência;204394;(J45) Asma;1;Notificação de óbitos;1;Número de óbitos;0;Todos;0;Todos;2009;50 a 59;0;Todos;2;Feminino;3;Unidade da federação;31;Minas Gerais;2;0;1;2;0;2;3;1;0;2;2;4;19
2013;2013;2;Óbitos por ocorrência;204394;(J45) Asma;1;Notificação de óbitos;1;Número de óbitos;0;Todos;0;Todos;2009;50 a 59;0;Todos;2;Feminino;3;Unidade da federação;32;Espírito Santo;0;0;0;0;0;0;0;1;0;0;0;0;1
2013;2013;2;Óbitos por ocorrência;204394;(J45) Asma;1;Notificação de óbitos;1;Número de óbitos;0;Todos;0;Todos;2009;50 a 59;0;Todos;2;Feminino;3;Unidade da federação;33;Rio de Janeiro;0;1;2;1;1;0;2;1;0;2;0;0;10
2013;2013;2;Óbitos por ocorrência;204394;(J45) Asma;1;Notificação de óbitos;1;Número de óbitos;0;Todos;0;Todos;2009;50 a 59;0;Todos;2;Feminino;3;Unidade da federação;35;São Paulo;3;3;1;6;2;1;2;0;3;3;1;1;26
2013;2013;2;Óbitos por ocorrência;204394;(J45) Asma;1;Notificação de óbitos;1;Número de óbitos;0;Todos;0;Todos;2009;50 a 59;0;Todos;2;Feminino;2;Região;4;Sul;1;3;1;3;1;1;3;1;3;3;1;3;24
2013;2013;2;Óbitos por ocorrência;204394;(J45) Asma;1;Notificação de óbitos;1;Número de óbitos;0;Todos;0;Todos;2009;50 a 59;0;Todos;2;Feminino;3;Unidade da federação;41;Paraná;1;2;0;1;1;1;0;0;2;0;1;1;10
2013;2013;2;Óbitos por ocorrência;204394;(J45) Asma;1;Notificação de óbitos;1;Número de óbitos;0;Todos;0;Todos;2009;50 a 59;0;Todos;2;Feminino;3;Unidade da federação;42;Santa Catarina;0;0;0;1;0;0;0;1;0;0;0;1;3
2013;2013;2;Óbitos por ocorrência;204394;(J45) Asma;1;Notificação de óbitos;1;Número de óbitos;0;Todos;0;Todos;2009;50 a 59;0;Todos;2;Feminino;3;Unidade da federação;43;Rio Grande do Sul;0;1;1;1;0;0;3;0;1;3;0;1;11
2013;2013;2;Óbitos por ocorrência;204394;(J45) Asma;1;Notificação de óbitos;1;Número de óbitos;0;Todos;0;Todos;2009;50 a 59;0;Todos;2;Feminino;2;Região;5;Centro-Oeste;1;2;0;1;2;1;2;2;1;0;2;0;14
2013;2013;2;Óbitos por ocorrência;204394;(J45) Asma;1;Notificação de óbitos;1;Número de óbitos;0;Todos;0;Todos;2009;50 a 59;0;Todos;2;Feminino;3;Unidade da federação;50;Mato Grosso do Sul;0;0;0;0;0;1;0;1;0;0;0;0;2
2013;2013;2;Óbitos por ocorrência;204394;(J45) Asma;1;Notificação de óbitos;1;Número de óbitos;0;Todos;0;Todos;2009;50 a 59;0;Todos;2;Feminino;3;Unidade da federação;51;Mato Grosso;0;0;0;0;1;0;0;0;0;0;0;0;1
2013;2013;2;Óbitos por ocorrência;204394;(J45) Asma;1;Notificação de óbitos;1;Número de óbitos;0;Todos;0;Todos;2009;50 a 59;0;Todos;2;Feminino;3;Unidade da federação;52;Goiás;0;1;0;1;0;0;1;1;0;0;1;0;5
2013;2013;2;Óbitos por ocorrência;204394;(J45) Asma;1;Notificação de óbitos;1;Número de óbitos;0;Todos;0;Todos;2009;50 a 59;0;Todos;2;Feminino;3;Unidade da federação;53;Distrito Federal;1;1;0;0;1;0;1;0;1;0;1;0;6
2013;2013;2;Óbitos por ocorrência;204394;(J45) Asma;1;Notificação de óbitos;1;Número de óbitos;0;Todos;0;Todos;2010;60 a 69;0;Todos;2;Feminino;1;País;76;Brasil;14;12;10;16;14;17;26;20;10;18;13;11;181
2013;2013;2;Óbitos por ocorrência;204394;(J45) Asma;1;Notificação de óbitos;1;Número de óbitos;0;Todos;0;Todos;2010;60 a 69;0;Todos;2;Feminino;2;Região;1;Norte;0;0;1;1;1;1;0;0;1;2;1;0;8
2013;2013;2;Óbitos por ocorrência;204394;(J45) Asma;1;Notificação de óbitos;1;Número de óbitos;0;Todos;0;Todos;2010;60 a 69;0;Todos;2;Feminino;3;Unidade da federação;11;Rondônia;0;0;0;0;0;0;0;0;0;0;0;0;0
2013;2013;2;Óbitos por ocorrência;204394;(J45) Asma;1;Notificação de óbitos;1;Número de óbitos;0;Todos;0;Todos;2010;60 a 69;0;Todos;2;Feminino;3;Unidade da federação;12;Acre;0;0;0;0;0;0;0;0;0;0;0;0;0
2013;2013;2;Óbitos por ocorrência;204394;(J45) Asma;1;Notificação de óbitos;1;Número de óbitos;0;Todos;0;Todos;2010;60 a 69;0;Todos;2;Feminino;3;Unidade da federação;13;Amazonas;0;0;0;1;0;0;0;0;0;0;0;0;1
2013;2013;2;Óbitos por ocorrência;204394;(J45) Asma;1;Notificação de óbitos;1;Número de óbitos;0;Todos;0;Todos;2010;60 a 69;0;Todos;2;Feminino;3;Unidade da federação;14;Roraima;0;0;0;0;0;0;0;0;0;0;0;0;0
2013;2013;2;Óbitos por ocorrência;204394;(J45) Asma;1;Notificação de óbitos;1;Número de óbitos;0;Todos;0;Todos;2010;60 a 69;0;Todos;2;Feminino;3;Unidade da federação;15;Pará;0;0;0;0;0;1;0;0;0;2;0;0;3
2013;2013;2;Óbitos por ocorrência;204394;(J45) Asma;1;Notificação de óbitos;1;Número de óbitos;0;Todos;0;Todos;2010;60 a 69;0;Todos;2;Feminino;3;Unidade da federação;16;Amapá;0;0;0;0;0;0;0;0;0;0;0;0;0
2013;2013;2;Óbitos por ocorrência;204394;(J45) Asma;1;Notificação de óbitos;1;Número de óbitos;0;Todos;0;Todos;2010;60 a 69;0;Todos;2;Feminino;3;Unidade da federação;17;Tocantins;0;0;1;0;1;0;0;0;1;0;1;0;4
2013;2013;2;Óbitos por ocorrência;204394;(J45) Asma;1;Notificação de óbitos;1;Número de óbitos;0;Todos;0;Todos;2010;60 a 69;0;Todos;2;Feminino;2;Região;2;Nordeste;5;2;0;4;3;5;10;8;2;4;2;3;48
2013;2013;2;Óbitos por ocorrência;204394;(J45) Asma;1;Notificação de óbitos;1;Número de óbitos;0;Todos;0;Todos;2010;60 a 69;0;Todos;2;Feminino;3;Unidade da federação;21;Maranhão;1;0;0;0;0;0;2;1;0;0;1;1;6
2013;2013;2;Óbitos por ocorrência;204394;(J45) Asma;1;Notificação de óbitos;1;Número de óbitos;0;Todos;0;Todos;2010;60 a 69;0;Todos;2;Feminino;3;Unidade da federação;22;Piauí;0;0;0;0;0;0;0;1;0;0;1;0;2
2013;2013;2;Óbitos por ocorrência;204394;(J45) Asma;1;Notificação de óbitos;1;Número de óbitos;0;Todos;0;Todos;2010;60 a 69;0;Todos;2;Feminino;3;Unidade da federação;23;Ceará;1;2;0;1;0;2;2;0;0;1;0;0;9
2013;2013;2;Óbitos por ocorrência;204394;(J45) Asma;1;Notificação de óbitos;1;Número de óbitos;0;Todos;0;Todos;2010;60 a 69;0;Todos;2;Feminino;3;Unidade da federação;24;Rio Grande do Norte;0;0;0;0;0;0;0;0;1;0;0;1;2
2013;2013;2;Óbitos por ocorrência;204394;(J45) Asma;1;Notificação de óbitos;1;Número de óbitos;0;Todos;0;Todos;2010;60 a 69;0;Todos;2;Feminino;3;Unidade da federação;25;Paraíba;1;0;0;0;0;1;3;0;0;1;0;0;6
2013;2013;2;Óbitos por ocorrência;204394;(J45) Asma;1;Notificação de óbitos;1;Número de óbitos;0;Todos;0;Todos;2010;60 a 69;0;Todos;2;Feminino;3;Unidade da federação;26;Pernambuco;1;0;0;3;1;0;1;2;1;0;0;0;9
2013;2013;2;Óbitos por ocorrência;204394;(J45) Asma;1;Notificação de óbitos;1;Número de óbitos;0;Todos;0;Todos;2010;60 a 69;0;Todos;2;Feminino;3;Unidade da federação;27;Alagoas;0;0;0;0;0;0;0;0;0;0;0;0;0
2013;2013;2;Óbitos por ocorrência;204394;(J45) Asma;1;Notificação de óbitos;1;Número de óbitos;0;Todos;0;Todos;2010;60 a 69;0;Todos;2;Feminino;3;Unidade da federação;28;Sergipe;0;0;0;0;0;0;0;0;0;0;0;0;0
2013;2013;2;Óbitos por ocorrência;204394;(J45) Asma;1;Notificação de óbitos;1;Número de óbitos;0;Todos;0;Todos;2010;60 a 69;0;Todos;2;Feminino;3;Unidade da federação;29;Bahia;1;0;0;0;2;2;2;4;0;2;0;1;14
2013;2013;2;Óbitos por ocorrência;204394;(J45) Asma;1;Notificação de óbitos;1;Número de óbitos;0;Todos;0;Todos;2010;60 a 69;0;Todos;2;Feminino;2;Região;3;Sudeste;7;10;3;7;8;8;10;6;5;5;3;7;79
2013;2013;2;Óbitos por ocorrência;204394;(J45) Asma;1;Notificação de óbitos;1;Número de óbitos;0;Todos;0;Todos;2010;60 a 69;0;Todos;2;Feminino;3;Unidade da federação;31;Minas Gerais;1;1;0;1;1;1;4;2;2;1;1;1;16
2013;2013;2;Óbitos por ocorrência;204394;(J45) Asma;1;Notificação de óbitos;1;Número de óbitos;0;Todos;0;Todos;2010;60 a 69;0;Todos;2;Feminino;3;Unidade da federação;32;Espírito Santo;0;1;0;0;0;0;1;0;0;0;1;0;3
2013;2013;2;Óbitos por ocorrência;204394;(J45) Asma;1;Notificação de óbitos;1;Número de óbitos;0;Todos;0;Todos;2010;60 a 69;0;Todos;2;Feminino;3;Unidade da federação;33;Rio de Janeiro;2;5;1;2;1;4;0;3;3;2;1;3;27
2013;2013;2;Óbitos por ocorrência;204394;(J45) Asma;1;Notificação de óbitos;1;Número de óbitos;0;Todos;0;Todos;2010;60 a 69;0;Todos;2;Feminino;3;Unidade da federação;35;São Paulo;4;3;2;4;6;3;5;1;0;2;0;3;33
2013;2013;2;Óbitos por ocorrência;204394;(J45) Asma;1;Notificação de óbitos;1;Número de óbitos;0;Todos;0;Todos;2010;60 a 69;0;Todos;2;Feminino;2;Região;4;Sul;2;0;5;3;2;3;5;4;2;5;7;1;39
2013;2013;2;Óbitos por ocorrência;204394;(J45) Asma;1;Notificação de óbitos;1;Número de óbitos;0;Todos;0;Todos;2010;60 a 69;0;Todos;2;Feminino;3;Unidade da federação;41;Paraná;2;0;0;2;0;2;2;2;1;2;4;1;18
2013;2013;2;Óbitos por ocorrência;204394;(J45) Asma;1;Notificação de óbitos;1;Número de óbitos;0;Todos;0;Todos;2010;60 a 69;0;Todos;2;Feminino;3;Unidade da federação;42;Santa Catarina;0;0;1;0;0;0;0;1;0;0;1;0;3
2013;2013;2;Óbitos por ocorrência;204394;(J45) Asma;1;Notificação de óbitos;1;Número de óbitos;0;Todos;0;Todos;2010;60 a 69;0;Todos;2;Feminino;3;Unidade da federação;43;Rio Grande do Sul;0;0;4;1;2;1;3;1;1;3;2;0;18
2013;2013;2;Óbitos por ocorrência;204394;(J45) Asma;1;Notificação de óbitos;1;Número de óbitos;0;Todos;0;Todos;2010;60 a 69;0;Todos;2;Feminino;2;Região;5;Centro-Oeste;0;0;1;1;0;0;1;2;0;2;0;0;7
2013;2013;2;Óbitos por ocorrência;204394;(J45) Asma;1;Notificação de óbitos;1;Número de óbitos;0;Todos;0;Todos;2010;60 a 69;0;Todos;2;Feminino;3;Unidade da federação;50;Mato Grosso do Sul;0;0;0;0;0;0;1;0;0;1;0;0;2
2013;2013;2;Óbitos por ocorrência;204394;(J45) Asma;1;Notificação de óbitos;1;Número de óbitos;0;Todos;0;Todos;2010;60 a 69;0;Todos;2;Feminino;3;Unidade da federação;51;Mato Grosso;0;0;0;1;0;0;0;0;0;0;0;0;1
2013;2013;2;Óbitos por ocorrência;204394;(J45) Asma;1;Notificação de óbitos;1;Número de óbitos;0;Todos;0;Todos;2010;60 a 69;0;Todos;2;Feminino;3;Unidade da federação;52;Goiás;0;0;1;0;0;0;0;1;0;0;0;0;2
2013;2013;2;Óbitos por ocorrência;204394;(J45) Asma;1;Notificação de óbitos;1;Número de óbitos;0;Todos;0;Todos;2010;60 a 69;0;Todos;2;Feminino;3;Unidade da federação;53;Distrito Federal;0;0;0;0;0;0;0;1;0;1;0;0;2
2013;2013;2;Óbitos por ocorrência;204394;(J45) Asma;1;Notificação de óbitos;1;Número de óbitos;0;Todos;0;Todos;2011;70 a 79;0;Todos;2;Feminino;1;País;76;Brasil;22;18;23;26;25;26;32;16;25;16;19;23;271
2013;2013;2;Óbitos por ocorrência;204394;(J45) Asma;1;Notificação de óbitos;1;Número de óbitos;0;Todos;0;Todos;2011;70 a 79;0;Todos;2;Feminino;2;Região;1;Norte;0;2;0;2;3;2;1;2;0;1;0;2;15
2013;2013;2;Óbitos por ocorrência;204394;(J45) Asma;1;Notificação de óbitos;1;Número de óbitos;0;Todos;0;Todos;2011;70 a 79;0;Todos;2;Feminino;3;Unidade da federação;11;Rondônia;0;0;0;0;0;0;0;0;0;0;0;0;0
2013;2013;2;Óbitos por ocorrência;204394;(J45) Asma;1;Notificação de óbitos;1;Número de óbitos;0;Todos;0;Todos;2011;70 a 79;0;Todos;2;Feminino;3;Unidade da federação;12;Acre;0;0;0;1;0;0;0;0;0;0;0;1;2
2013;2013;2;Óbitos por ocorrência;204394;(J45) Asma;1;Notificação de óbitos;1;Número de óbitos;0;Todos;0;Todos;2011;70 a 79;0;Todos;2;Feminino;3;Unidade da federação;13;Amazonas;0;0;0;0;0;0;0;0;0;0;0;0;0
2013;2013;2;Óbitos por ocorrência;204394;(J45) Asma;1;Notificação de óbitos;1;Número de óbitos;0;Todos;0;Todos;2011;70 a 79;0;Todos;2;Feminino;3;Unidade da federação;14;Roraima;0;0;0;0;0;0;0;0;0;0;0;0;0
2013;2013;2;Óbitos por ocorrência;204394;(J45) Asma;1;Notificação de óbitos;1;Número de óbitos;0;Todos;0;Todos;2011;70 a 79;0;Todos;2;Feminino;3;Unidade da federação;15;Pará;0;1;0;1;2;1;1;2;0;1;0;1;10
2013;2013;2;Óbitos por ocorrência;204394;(J45) Asma;1;Notificação de óbitos;1;Número de óbitos;0;Todos;0;Todos;2011;70 a 79;0;Todos;2;Feminino;3;Unidade da federação;16;Amapá;0;0;0;0;0;0;0;0;0;0;0;0;0
2013;2013;2;Óbitos por ocorrência;204394;(J45) Asma;1;Notificação de óbitos;1;Número de óbitos;0;Todos;0;Todos;2011;70 a 79;0;Todos;2;Feminino;3;Unidade da federação;17;Tocantins;0;1;0;0;1;1;0;0;0;0;0;0;3
2013;2013;2;Óbitos por ocorrência;204394;(J45) Asma;1;Notificação de óbitos;1;Número de óbitos;0;Todos;0;Todos;2011;70 a 79;0;Todos;2;Feminino;2;Região;2;Nordeste;6;3;11;8;4;8;5;6;7;3;6;10;77
2013;2013;2;Óbitos por ocorrência;204394;(J45) Asma;1;Notificação de óbitos;1;Número de óbitos;0;Todos;0;Todos;2011;70 a 79;0;Todos;2;Feminino;3;Unidade da federação;21;Maranhão;1;0;1;0;1;1;0;0;2;0;0;1;7
2013;2013;2;Óbitos por ocorrência;204394;(J45) Asma;1;Notificação de óbitos;1;Número de óbitos;0;Todos;0;Todos;2011;70 a 79;0;Todos;2;Feminino;3;Unidade da federação;22;Piauí;0;0;0;0;0;0;0;0;0;1;0;0;1
2013;2013;2;Óbitos por ocorrência;204394;(J45) Asma;1;Notificação de óbitos;1;Número de óbitos;0;Todos;0;Todos;2011;70 a 79;0;Todos;2;Feminino;3;Unidade da federação;23;Ceará;0;0;2;3;2;1;1;1;1;1;2;1;15
2013;2013;2;Óbitos por ocorrência;204394;(J45) Asma;1;Notificação de óbitos;1;Número de óbitos;0;Todos;0;Todos;2011;70 a 79;0;Todos;2;Feminino;3;Unidade da federação;24;Rio Grande do Norte;0;1;1;2;0;0;2;0;0;0;1;2;9
2013;2013;2;Óbitos por ocorrência;204394;(J45) Asma;1;Notificação de óbitos;1;Número de óbitos;0;Todos;0;Todos;2011;70 a 79;0;Todos;2;Feminino;3;Unidade da federação;25;Paraíba;1;0;1;0;0;1;0;1;1;0;0;1;6
2013;2013;2;Óbitos por ocorrência;204394;(J45) Asma;1;Notificação de óbitos;1;Número de óbitos;0;Todos;0;Todos;2011;70 a 79;0;Todos;2;Feminino;3;Unidade da federação;26;Pernambuco;1;0;3;1;0;2;1;1;1;1;2;1;14
2013;2013;2;Óbitos por ocorrência;204394;(J45) Asma;1;Notificação de óbitos;1;Número de óbitos;0;Todos;0;Todos;2011;70 a 79;0;Todos;2;Feminino;3;Unidade da federação;27;Alagoas;0;0;0;1;0;0;0;0;1;0;0;0;2
2013;2013;2;Óbitos por ocorrência;204394;(J45) Asma;1;Notificação de óbitos;1;Número de óbitos;0;Todos;0;Todos;2011;70 a 79;0;Todos;2;Feminino;3;Unidade da federação;28;Sergipe;1;0;0;1;1;0;0;1;0;0;1;1;6
2013;2013;2;Óbitos por ocorrência;204394;(J45) Asma;1;Notificação de óbitos;1;Número de óbitos;0;Todos;0;Todos;2011;70 a 79;0;Todos;2;Feminino;3;Unidade da federação;29;Bahia;2;2;3;0;0;3;1;2;1;0;0;3;17
2013;2013;2;Óbitos por ocorrência;204394;(J45) Asma;1;Notificação de óbitos;1;Número de óbitos;0;Todos;0;Todos;2011;70 a 79;0;Todos;2;Feminino;2;Região;3;Sudeste;11;5;10;12;13;10;11;4;9;5;5;6;101
2013;2013;2;Óbitos por ocorrência;204394;(J45) Asma;1;Notificação de óbitos;1;Número de óbitos;0;Todos;0;Todos;2011;70 a 79;0;Todos;2;Feminino;3;Unidade da federação;31;Minas Gerais;1;3;3;3;4;4;4;2;4;2;3;3;36
2013;2013;2;Óbitos por ocorrência;204394;(J45) Asma;1;Notificação de óbitos;1;Número de óbitos;0;Todos;0;Todos;2011;70 a 79;0;Todos;2;Feminino;3;Unidade da federação;32;Espírito Santo;0;0;1;1;4;0;0;0;0;0;0;0;6
2013;2013;2;Óbitos por ocorrência;204394;(J45) Asma;1;Notificação de óbitos;1;Número de óbitos;0;Todos;0;Todos;2011;70 a 79;0;Todos;2;Feminino;3;Unidade da federação;33;Rio de Janeiro;3;0;3;6;2;1;2;0;0;1;0;1;19
2013;2013;2;Óbitos por ocorrência;204394;(J45) Asma;1;Notificação de óbitos;1;Número de óbitos;0;Todos;0;Todos;2011;70 a 79;0;Todos;2;Feminino;3;Unidade da federação;35;São Paulo;7;2;3;2;3;5;5;2;5;2;2;2;40
2013;2013;2;Óbitos por ocorrência;204394;(J45) Asma;1;Notificação de óbitos;1;Número de óbitos;0;Todos;0;Todos;2011;70 a 79;0;Todos;2;Feminino;2;Região;4;Sul;3;7;2;4;5;4;13;3;6;6;5;3;61
2013;2013;2;Óbitos por ocorrência;204394;(J45) Asma;1;Notificação de óbitos;1;Número de óbitos;0;Todos;0;Todos;2011;70 a 79;0;Todos;2;Feminino;3;Unidade da federação;41;Paraná;2;2;1;2;0;2;3;0;2;1;1;0;16
2013;2013;2;Óbitos por ocorrência;204394;(J45) Asma;1;Notificação de óbitos;1;Número de óbitos;0;Todos;0;Todos;2011;70 a 79;0;Todos;2;Feminino;3;Unidade da federação;42;Santa Catarina;0;0;1;0;2;1;4;2;0;4;2;2;18
2013;2013;2;Óbitos por ocorrência;204394;(J45) Asma;1;Notificação de óbitos;1;Número de óbitos;0;Todos;0;Todos;2011;70 a 79;0;Todos;2;Feminino;3;Unidade da federação;43;Rio Grande do Sul;1;5;0;2;3;1;6;1;4;1;2;1;27
2013;2013;2;Óbitos por ocorrência;204394;(J45) Asma;1;Notificação de óbitos;1;Número de óbitos;0;Todos;0;Todos;2011;70 a 79;0;Todos;2;Feminino;2;Região;5;Centro-Oeste;2;1;0;0;0;2;2;1;3;1;3;2;17
2013;2013;2;Óbitos por ocorrência;204394;(J45) Asma;1;Notificação de óbitos;1;Número de óbitos;0;Todos;0;Todos;2011;70 a 79;0;Todos;2;Feminino;3;Unidade da federação;50;Mato Grosso do Sul;0;0;0;0;0;1;0;0;1;1;0;1;4
2013;2013;2;Óbitos por ocorrência;204394;(J45) Asma;1;Notificação de óbitos;1;Número de óbitos;0;Todos;0;Todos;2011;70 a 79;0;Todos;2;Feminino;3;Unidade da federação;51;Mato Grosso;0;0;0;0;0;0;1;0;0;0;1;0;2
2013;2013;2;Óbitos por ocorrência;204394;(J45) Asma;1;Notificação de óbitos;1;Número de óbitos;0;Todos;0;Todos;2011;70 a 79;0;Todos;2;Feminino;3;Unidade da federação;52;Goiás;0;0;0;0;0;1;1;0;1;0;2;1;6
2013;2013;2;Óbitos por ocorrência;204394;(J45) Asma;1;Notificação de óbitos;1;Número de óbitos;0;Todos;0;Todos;2011;70 a 79;0;Todos;2;Feminino;3;Unidade da federação;53;Distrito Federal;2;1;0;0;0;0;0;1;1;0;0;0;5
2013;2013;2;Óbitos por ocorrência;204394;(J45) Asma;1;Notificação de óbitos;1;Número de óbitos;0;Todos;0;Todos;2012;80 e  +;0;Todos;2;Feminino;1;País;76;Brasil;38;40;38;49;56;43;56;44;32;41;23;32;492
2013;2013;2;Óbitos por ocorrência;204394;(J45) Asma;1;Notificação de óbitos;1;Número de óbitos;0;Todos;0;Todos;2012;80 e  +;0;Todos;2;Feminino;2;Região;1;Norte;1;1;2;1;2;0;1;0;2;3;2;2;17
2013;2013;2;Óbitos por ocorrência;204394;(J45) Asma;1;Notificação de óbitos;1;Número de óbitos;0;Todos;0;Todos;2012;80 e  +;0;Todos;2;Feminino;3;Unidade da federação;11;Rondônia;0;0;0;0;1;0;1;0;0;0;1;0;3
2013;2013;2;Óbitos por ocorrência;204394;(J45) Asma;1;Notificação de óbitos;1;Número de óbitos;0;Todos;0;Todos;2012;80 e  +;0;Todos;2;Feminino;3;Unidade da federação;12;Acre;0;0;0;0;0;0;0;0;0;0;0;0;0
2013;2013;2;Óbitos por ocorrência;204394;(J45) Asma;1;Notificação de óbitos;1;Número de óbitos;0;Todos;0;Todos;2012;80 e  +;0;Todos;2;Feminino;3;Unidade da federação;13;Amazonas;0;1;0;1;0;0;0;0;0;0;0;0;2
2013;2013;2;Óbitos por ocorrência;204394;(J45) Asma;1;Notificação de óbitos;1;Número de óbitos;0;Todos;0;Todos;2012;80 e  +;0;Todos;2;Feminino;3;Unidade da federação;14;Roraima;0;0;0;0;0;0;0;0;0;0;0;0;0
2013;2013;2;Óbitos por ocorrência;204394;(J45) Asma;1;Notificação de óbitos;1;Número de óbitos;0;Todos;0;Todos;2012;80 e  +;0;Todos;2;Feminino;3;Unidade da federação;15;Pará;0;0;1;0;1;0;0;0;1;2;1;2;8
2013;2013;2;Óbitos por ocorrência;204394;(J45) Asma;1;Notificação de óbitos;1;Número de óbitos;0;Todos;0;Todos;2012;80 e  +;0;Todos;2;Feminino;3;Unidade da federação;16;Amapá;0;0;0;0;0;0;0;0;0;0;0;0;0
2013;2013;2;Óbitos por ocorrência;204394;(J45) Asma;1;Notificação de óbitos;1;Número de óbitos;0;Todos;0;Todos;2012;80 e  +;0;Todos;2;Feminino;3;Unidade da federação;17;Tocantins;1;0;1;0;0;0;0;0;1;1;0;0;4
2013;2013;2;Óbitos por ocorrência;204394;(J45) Asma;1;Notificação de óbitos;1;Número de óbitos;0;Todos;0;Todos;2012;80 e  +;0;Todos;2;Feminino;2;Região;2;Nordeste;20;14;13;15;16;16;18;13;9;13;10;9;166
2013;2013;2;Óbitos por ocorrência;204394;(J45) Asma;1;Notificação de óbitos;1;Número de óbitos;0;Todos;0;Todos;2012;80 e  +;0;Todos;2;Feminino;3;Unidade da federação;21;Maranhão;0;0;2;0;4;0;1;0;1;0;0;0;8
2013;2013;2;Óbitos por ocorrência;204394;(J45) Asma;1;Notificação de óbitos;1;Número de óbitos;0;Todos;0;Todos;2012;80 e  +;0;Todos;2;Feminino;3;Unidade da federação;22;Piauí;0;2;2;1;1;1;0;1;0;1;1;0;10
2013;2013;2;Óbitos por ocorrência;204394;(J45) Asma;1;Notificação de óbitos;1;Número de óbitos;0;Todos;0;Todos;2012;80 e  +;0;Todos;2;Feminino;3;Unidade da federação;23;Ceará;6;2;1;8;3;5;6;5;2;4;1;2;45
2013;2013;2;Óbitos por ocorrência;204394;(J45) Asma;1;Notificação de óbitos;1;Número de óbitos;0;Todos;0;Todos;2012;80 e  +;0;Todos;2;Feminino;3;Unidade da federação;24;Rio Grande do Norte;2;4;0;0;1;1;0;1;0;3;0;0;12
2013;2013;2;Óbitos por ocorrência;204394;(J45) Asma;1;Notificação de óbitos;1;Número de óbitos;0;Todos;0;Todos;2012;80 e  +;0;Todos;2;Feminino;3;Unidade da federação;25;Paraíba;0;1;1;0;1;1;2;0;0;2;1;1;10
2013;2013;2;Óbitos por ocorrência;204394;(J45) Asma;1;Notificação de óbitos;1;Número de óbitos;0;Todos;0;Todos;2012;80 e  +;0;Todos;2;Feminino;3;Unidade da federação;26;Pernambuco;4;1;2;1;2;3;4;3;1;1;4;1;27
2013;2013;2;Óbitos por ocorrência;204394;(J45) Asma;1;Notificação de óbitos;1;Número de óbitos;0;Todos;0;Todos;2012;80 e  +;0;Todos;2;Feminino;3;Unidade da federação;27;Alagoas;1;0;0;0;0;1;0;0;1;0;0;3;6
2013;2013;2;Óbitos por ocorrência;204394;(J45) Asma;1;Notificação de óbitos;1;Número de óbitos;0;Todos;0;Todos;2012;80 e  +;0;Todos;2;Feminino;3;Unidade da federação;28;Sergipe;4;1;1;0;0;0;0;1;0;0;0;0;7
2013;2013;2;Óbitos por ocorrência;204394;(J45) Asma;1;Notificação de óbitos;1;Número de óbitos;0;Todos;0;Todos;2012;80 e  +;0;Todos;2;Feminino;3;Unidade da federação;29;Bahia;3;3;4;5;4;4;5;2;4;2;3;2;41
2013;2013;2;Óbitos por ocorrência;204394;(J45) Asma;1;Notificação de óbitos;1;Número de óbitos;0;Todos;0;Todos;2012;80 e  +;0;Todos;2;Feminino;2;Região;3;Sudeste;14;19;15;22;29;15;24;20;15;15;7;16;211
2013;2013;2;Óbitos por ocorrência;204394;(J45) Asma;1;Notificação de óbitos;1;Número de óbitos;0;Todos;0;Todos;2012;80 e  +;0;Todos;2;Feminino;3;Unidade da federação;31;Minas Gerais;7;6;5;8;10;9;6;7;3;3;2;6;72
2013;2013;2;Óbitos por ocorrência;204394;(J45) Asma;1;Notificação de óbitos;1;Número de óbitos;0;Todos;0;Todos;2012;80 e  +;0;Todos;2;Feminino;3;Unidade da federação;32;Espírito Santo;0;3;0;1;4;0;2;1;1;1;2;0;15
2013;2013;2;Óbitos por ocorrência;204394;(J45) Asma;1;Notificação de óbitos;1;Número de óbitos;0;Todos;0;Todos;2012;80 e  +;0;Todos;2;Feminino;3;Unidade da federação;33;Rio de Janeiro;3;3;2;3;6;1;7;1;7;6;0;3;42
2013;2013;2;Óbitos por ocorrência;204394;(J45) Asma;1;Notificação de óbitos;1;Número de óbitos;0;Todos;0;Todos;2012;80 e  +;0;Todos;2;Feminino;3;Unidade da federação;35;São Paulo;4;7;8;10;9;5;9;11;4;5;3;7;82
2013;2013;2;Óbitos por ocorrência;204394;(J45) Asma;1;Notificação de óbitos;1;Número de óbitos;0;Todos;0;Todos;2012;80 e  +;0;Todos;2;Feminino;2;Região;4;Sul;3;5;8;6;7;10;9;9;4;8;4;5;78
2013;2013;2;Óbitos por ocorrência;204394;(J45) Asma;1;Notificação de óbitos;1;Número de óbitos;0;Todos;0;Todos;2012;80 e  +;0;Todos;2;Feminino;3;Unidade da federação;41;Paraná;3;0;2;2;2;2;4;6;0;3;0;2;26
2013;2013;2;Óbitos por ocorrência;204394;(J45) Asma;1;Notificação de óbitos;1;Número de óbitos;0;Todos;0;Todos;2012;80 e  +;0;Todos;2;Feminino;3;Unidade da federação;42;Santa Catarina;0;1;2;0;3;0;2;1;3;1;1;1;15
2013;2013;2;Óbitos por ocorrência;204394;(J45) Asma;1;Notificação de óbitos;1;Número de óbitos;0;Todos;0;Todos;2012;80 e  +;0;Todos;2;Feminino;3;Unidade da federação;43;Rio Grande do Sul;0;4;4;4;2;8;3;2;1;4;3;2;37
2013;2013;2;Óbitos por ocorrência;204394;(J45) Asma;1;Notificação de óbitos;1;Número de óbitos;0;Todos;0;Todos;2012;80 e  +;0;Todos;2;Feminino;2;Região;5;Centro-Oeste;0;1;0;5;2;2;4;2;2;2;0;0;20
2013;2013;2;Óbitos por ocorrência;204394;(J45) Asma;1;Notificação de óbitos;1;Número de óbitos;0;Todos;0;Todos;2012;80 e  +;0;Todos;2;Feminino;3;Unidade da federação;50;Mato Grosso do Sul;0;0;0;1;1;0;3;0;1;1;0;0;7
2013;2013;2;Óbitos por ocorrência;204394;(J45) Asma;1;Notificação de óbitos;1;Número de óbitos;0;Todos;0;Todos;2012;80 e  +;0;Todos;2;Feminino;3;Unidade da federação;51;Mato Grosso;0;0;0;0;0;0;0;0;0;0;0;0;0
2013;2013;2;Óbitos por ocorrência;204394;(J45) Asma;1;Notificação de óbitos;1;Número de óbitos;0;Todos;0;Todos;2012;80 e  +;0;Todos;2;Feminino;3;Unidade da federação;52;Goiás;0;1;0;3;0;0;1;0;0;1;0;0;6
2013;2013;2;Óbitos por ocorrência;204394;(J45) Asma;1;Notificação de óbitos;1;Número de óbitos;0;Todos;0;Todos;2012;80 e  +;0;Todos;2;Feminino;3;Unidade da federação;53;Distrito Federal;0;0;0;1;1;2;0;2;1;0;0;0;7
2013;2013;2;Óbitos por ocorrência;204394;(J45) Asma;1;Notificação de óbitos;1;Número de óbitos;0;Todos;0;Todos;2999;Branco/Ignorado;0;Todos;2;Feminino;1;País;76;Brasil;0;0;0;0;0;1;0;0;0;0;0;0;1
2013;2013;2;Óbitos por ocorrência;204394;(J45) Asma;1;Notificação de óbitos;1;Número de óbitos;0;Todos;0;Todos;2999;Branco/Ignorado;0;Todos;2;Feminino;2;Região;1;Norte;0;0;0;0;0;0;0;0;0;0;0;0;0
2013;2013;2;Óbitos por ocorrência;204394;(J45) Asma;1;Notificação de óbitos;1;Número de óbitos;0;Todos;0;Todos;2999;Branco/Ignorado;0;Todos;2;Feminino;3;Unidade da federação;11;Rondônia;0;0;0;0;0;0;0;0;0;0;0;0;0
2013;2013;2;Óbitos por ocorrência;204394;(J45) Asma;1;Notificação de óbitos;1;Número de óbitos;0;Todos;0;Todos;2999;Branco/Ignorado;0;Todos;2;Feminino;3;Unidade da federação;12;Acre;0;0;0;0;0;0;0;0;0;0;0;0;0
2013;2013;2;Óbitos por ocorrência;204394;(J45) Asma;1;Notificação de óbitos;1;Número de óbitos;0;Todos;0;Todos;2999;Branco/Ignorado;0;Todos;2;Feminino;3;Unidade da federação;13;Amazonas;0;0;0;0;0;0;0;0;0;0;0;0;0
2013;2013;2;Óbitos por ocorrência;204394;(J45) Asma;1;Notificação de óbitos;1;Número de óbitos;0;Todos;0;Todos;2999;Branco/Ignorado;0;Todos;2;Feminino;3;Unidade da federação;14;Roraima;0;0;0;0;0;0;0;0;0;0;0;0;0
2013;2013;2;Óbitos por ocorrência;204394;(J45) Asma;1;Notificação de óbitos;1;Número de óbitos;0;Todos;0;Todos;2999;Branco/Ignorado;0;Todos;2;Feminino;3;Unidade da federação;15;Pará;0;0;0;0;0;0;0;0;0;0;0;0;0
2013;2013;2;Óbitos por ocorrência;204394;(J45) Asma;1;Notificação de óbitos;1;Número de óbitos;0;Todos;0;Todos;2999;Branco/Ignorado;0;Todos;2;Feminino;3;Unidade da federação;16;Amapá;0;0;0;0;0;0;0;0;0;0;0;0;0
2013;2013;2;Óbitos por ocorrência;204394;(J45) Asma;1;Notificação de óbitos;1;Número de óbitos;0;Todos;0;Todos;2999;Branco/Ignorado;0;Todos;2;Feminino;3;Unidade da federação;17;Tocantins;0;0;0;0;0;0;0;0;0;0;0;0;0
2013;2013;2;Óbitos por ocorrência;204394;(J45) Asma;1;Notificação de óbitos;1;Número de óbitos;0;Todos;0;Todos;2999;Branco/Ignorado;0;Todos;2;Feminino;2;Região;2;Nordeste;0;0;0;0;0;0;0;0;0;0;0;0;0
2013;2013;2;Óbitos por ocorrência;204394;(J45) Asma;1;Notificação de óbitos;1;Número de óbitos;0;Todos;0;Todos;2999;Branco/Ignorado;0;Todos;2;Feminino;3;Unidade da federação;21;Maranhão;0;0;0;0;0;0;0;0;0;0;0;0;0
2013;2013;2;Óbitos por ocorrência;204394;(J45) Asma;1;Notificação de óbitos;1;Número de óbitos;0;Todos;0;Todos;2999;Branco/Ignorado;0;Todos;2;Feminino;3;Unidade da federação;22;Piauí;0;0;0;0;0;0;0;0;0;0;0;0;0
2013;2013;2;Óbitos por ocorrência;204394;(J45) Asma;1;Notificação de óbitos;1;Número de óbitos;0;Todos;0;Todos;2999;Branco/Ignorado;0;Todos;2;Feminino;3;Unidade da federação;23;Ceará;0;0;0;0;0;0;0;0;0;0;0;0;0
2013;2013;2;Óbitos por ocorrência;204394;(J45) Asma;1;Notificação de óbitos;1;Número de óbitos;0;Todos;0;Todos;2999;Branco/Ignorado;0;Todos;2;Feminino;3;Unidade da federação;24;Rio Grande do Norte;0;0;0;0;0;0;0;0;0;0;0;0;0
2013;2013;2;Óbitos por ocorrência;204394;(J45) Asma;1;Notificação de óbitos;1;Número de óbitos;0;Todos;0;Todos;2999;Branco/Ignorado;0;Todos;2;Feminino;3;Unidade da federação;25;Paraíba;0;0;0;0;0;0;0;0;0;0;0;0;0
2013;2013;2;Óbitos por ocorrência;204394;(J45) Asma;1;Notificação de óbitos;1;Número de óbitos;0;Todos;0;Todos;2999;Branco/Ignorado;0;Todos;2;Feminino;3;Unidade da federação;26;Pernambuco;0;0;0;0;0;0;0;0;0;0;0;0;0
2013;2013;2;Óbitos por ocorrência;204394;(J45) Asma;1;Notificação de óbitos;1;Número de óbitos;0;Todos;0;Todos;2999;Branco/Ignorado;0;Todos;2;Feminino;3;Unidade da federação;27;Alagoas;0;0;0;0;0;0;0;0;0;0;0;0;0
2013;2013;2;Óbitos por ocorrência;204394;(J45) Asma;1;Notificação de óbitos;1;Número de óbitos;0;Todos;0;Todos;2999;Branco/Ignorado;0;Todos;2;Feminino;3;Unidade da federação;28;Sergipe;0;0;0;0;0;0;0;0;0;0;0;0;0
2013;2013;2;Óbitos por ocorrência;204394;(J45) Asma;1;Notificação de óbitos;1;Número de óbitos;0;Todos;0;Todos;2999;Branco/Ignorado;0;Todos;2;Feminino;3;Unidade da federação;29;Bahia;0;0;0;0;0;0;0;0;0;0;0;0;0
2013;2013;2;Óbitos por ocorrência;204394;(J45) Asma;1;Notificação de óbitos;1;Número de óbitos;0;Todos;0;Todos;2999;Branco/Ignorado;0;Todos;2;Feminino;2;Região;3;Sudeste;0;0;0;0;0;1;0;0;0;0;0;0;1
2013;2013;2;Óbitos por ocorrência;204394;(J45) Asma;1;Notificação de óbitos;1;Número de óbitos;0;Todos;0;Todos;2999;Branco/Ignorado;0;Todos;2;Feminino;3;Unidade da federação;31;Minas Gerais;0;0;0;0;0;0;0;0;0;0;0;0;0
2013;2013;2;Óbitos por ocorrência;204394;(J45) Asma;1;Notificação de óbitos;1;Número de óbitos;0;Todos;0;Todos;2999;Branco/Ignorado;0;Todos;2;Feminino;3;Unidade da federação;32;Espírito Santo;0;0;0;0;0;0;0;0;0;0;0;0;0
2013;2013;2;Óbitos por ocorrência;204394;(J45) Asma;1;Notificação de óbitos;1;Número de óbitos;0;Todos;0;Todos;2999;Branco/Ignorado;0;Todos;2;Feminino;3;Unidade da federação;33;Rio de Janeiro;0;0;0;0;0;1;0;0;0;0;0;0;1
2013;2013;2;Óbitos por ocorrência;204394;(J45) Asma;1;Notificação de óbitos;1;Número de óbitos;0;Todos;0;Todos;2999;Branco/Ignorado;0;Todos;2;Feminino;3;Unidade da federação;35;São Paulo;0;0;0;0;0;0;0;0;0;0;0;0;0
2013;2013;2;Óbitos por ocorrência;204394;(J45) Asma;1;Notificação de óbitos;1;Número de óbitos;0;Todos;0;Todos;2999;Branco/Ignorado;0;Todos;2;Feminino;2;Região;4;Sul;0;0;0;0;0;0;0;0;0;0;0;0;0
2013;2013;2;Óbitos por ocorrência;204394;(J45) Asma;1;Notificação de óbitos;1;Número de óbitos;0;Todos;0;Todos;2999;Branco/Ignorado;0;Todos;2;Feminino;3;Unidade da federação;41;Paraná;0;0;0;0;0;0;0;0;0;0;0;0;0
2013;2013;2;Óbitos por ocorrência;204394;(J45) Asma;1;Notificação de óbitos;1;Número de óbitos;0;Todos;0;Todos;2999;Branco/Ignorado;0;Todos;2;Feminino;3;Unidade da federação;42;Santa Catarina;0;0;0;0;0;0;0;0;0;0;0;0;0
2013;2013;2;Óbitos por ocorrência;204394;(J45) Asma;1;Notificação de óbitos;1;Número de óbitos;0;Todos;0;Todos;2999;Branco/Ignorado;0;Todos;2;Feminino;3;Unidade da federação;43;Rio Grande do Sul;0;0;0;0;0;0;0;0;0;0;0;0;0
2013;2013;2;Óbitos por ocorrência;204394;(J45) Asma;1;Notificação de óbitos;1;Número de óbitos;0;Todos;0;Todos;2999;Branco/Ignorado;0;Todos;2;Feminino;2;Região;5;Centro-Oeste;0;0;0;0;0;0;0;0;0;0;0;0;0
2013;2013;2;Óbitos por ocorrência;204394;(J45) Asma;1;Notificação de óbitos;1;Número de óbitos;0;Todos;0;Todos;2999;Branco/Ignorado;0;Todos;2;Feminino;3;Unidade da federação;50;Mato Grosso do Sul;0;0;0;0;0;0;0;0;0;0;0;0;0
2013;2013;2;Óbitos por ocorrência;204394;(J45) Asma;1;Notificação de óbitos;1;Número de óbitos;0;Todos;0;Todos;2999;Branco/Ignorado;0;Todos;2;Feminino;3;Unidade da federação;51;Mato Grosso;0;0;0;0;0;0;0;0;0;0;0;0;0
2013;2013;2;Óbitos por ocorrência;204394;(J45) Asma;1;Notificação de óbitos;1;Número de óbitos;0;Todos;0;Todos;2999;Branco/Ignorado;0;Todos;2;Feminino;3;Unidade da federação;52;Goiás;0;0;0;0;0;0;0;0;0;0;0;0;0
2013;2013;2;Óbitos por ocorrência;204394;(J45) Asma;1;Notificação de óbitos;1;Número de óbitos;0;Todos;0;Todos;2999;Branco/Ignorado;0;Todos;2;Feminino;3;Unidade da federação;53;Distrito Federal;0;0;0;0;0;0;0;0;0;0;0;0;0
2013;2013;2;Óbitos por ocorrência;204394;(J45) Asma;1;Notificação de óbitos;1;Número de óbitos;0;Todos;0;Todos;2000;Todos;0;Todos;2;Feminino;1;País;76;Brasil;104;109;94;136;137;108;148;119;93;114;88;92;1.342
2013;2013;2;Óbitos por ocorrência;204394;(J45) Asma;1;Notificação de óbitos;1;Número de óbitos;0;Todos;0;Todos;2000;Todos;0;Todos;2;Feminino;2;Região;1;Norte;5;6;5;8;11;4;5;5;4;7;8;6;74
2013;2013;2;Óbitos por ocorrência;204394;(J45) Asma;1;Notificação de óbitos;1;Número de óbitos;0;Todos;0;Todos;2000;Todos;0;Todos;2;Feminino;3;Unidade da federação;11;Rondônia;0;1;0;0;1;0;1;1;0;0;2;0;6
2013;2013;2;Óbitos por ocorrência;204394;(J45) Asma;1;Notificação de óbitos;1;Número de óbitos;0;Todos;0;Todos;2000;Todos;0;Todos;2;Feminino;3;Unidade da federação;12;Acre;0;0;0;1;0;0;1;1;0;0;0;2;5
2013;2013;2;Óbitos por ocorrência;204394;(J45) Asma;1;Notificação de óbitos;1;Número de óbitos;0;Todos;0;Todos;2000;Todos;0;Todos;2;Feminino;3;Unidade da federação;13;Amazonas;1;2;2;4;0;1;0;0;0;0;1;0;11
2013;2013;2;Óbitos por ocorrência;204394;(J45) Asma;1;Notificação de óbitos;1;Número de óbitos;0;Todos;0;Todos;2000;Todos;0;Todos;2;Feminino;3;Unidade da federação;14;Roraima;0;0;0;0;0;0;0;0;0;0;1;0;1
2013;2013;2;Óbitos por ocorrência;204394;(J45) Asma;1;Notificação de óbitos;1;Número de óbitos;0;Todos;0;Todos;2000;Todos;0;Todos;2;Feminino;3;Unidade da federação;15;Pará;3;2;1;2;6;2;3;3;2;6;3;4;37
2013;2013;2;Óbitos por ocorrência;204394;(J45) Asma;1;Notificação de óbitos;1;Número de óbitos;0;Todos;0;Todos;2000;Todos;0;Todos;2;Feminino;3;Unidade da federação;16;Amapá;0;0;0;1;2;0;0;0;0;0;0;0;3
2013;2013;2;Óbitos por ocorrência;204394;(J45) Asma;1;Notificação de óbitos;1;Número de óbitos;0;Todos;0;Todos;2000;Todos;0;Todos;2;Feminino;3;Unidade da federação;17;Tocantins;1;1;2;0;2;1;0;0;2;1;1;0;11
2013;2013;2;Óbitos por ocorrência;204394;(J45) Asma;1;Notificação de óbitos;1;Número de óbitos;0;Todos;0;Todos;2000;Todos;0;Todos;2;Feminino;2;Região;2;Nordeste;38;28;32;38;34;37;41;39;26;28;24;25;390
2013;2013;2;Óbitos por ocorrência;204394;(J45) Asma;1;Notificação de óbitos;1;Número de óbitos;0;Todos;0;Todos;2000;Todos;0;Todos;2;Feminino;3;Unidade da federação;21;Maranhão;2;1;5;1;8;1;3;2;3;1;1;2;30
2013;2013;2;Óbitos por ocorrência;204394;(J45) Asma;1;Notificação de óbitos;1;Número de óbitos;0;Todos;0;Todos;2000;Todos;0;Todos;2;Feminino;3;Unidade da federação;22;Piauí;0;4;2;2;3;1;0;3;0;2;2;0;19
2013;2013;2;Óbitos por ocorrência;204394;(J45) Asma;1;Notificação de óbitos;1;Número de óbitos;0;Todos;0;Todos;2000;Todos;0;Todos;2;Feminino;3;Unidade da federação;23;Ceará;9;5;3;13;6;10;10;7;6;7;3;3;82
2013;2013;2;Óbitos por ocorrência;204394;(J45) Asma;1;Notificação de óbitos;1;Número de óbitos;0;Todos;0;Todos;2000;Todos;0;Todos;2;Feminino;3;Unidade da federação;24;Rio Grande do Norte;2;5;1;3;2;1;3;2;1;3;1;3;27
2013;2013;2;Óbitos por ocorrência;204394;(J45) Asma;1;Notificação de óbitos;1;Número de óbitos;0;Todos;0;Todos;2000;Todos;0;Todos;2;Feminino;3;Unidade da federação;25;Paraíba;2;1;4;0;1;3;5;1;2;5;1;2;27
2013;2013;2;Óbitos por ocorrência;204394;(J45) Asma;1;Notificação de óbitos;1;Número de óbitos;0;Todos;0;Todos;2000;Todos;0;Todos;2;Feminino;3;Unidade da federação;26;Pernambuco;8;2;6;6;5;5;6;8;3;5;10;4;68
2013;2013;2;Óbitos por ocorrência;204394;(J45) Asma;1;Notificação de óbitos;1;Número de óbitos;0;Todos;0;Todos;2000;Todos;0;Todos;2;Feminino;3;Unidade da federação;27;Alagoas;2;1;0;2;0;1;3;0;2;0;0;4;15
2013;2013;2;Óbitos por ocorrência;204394;(J45) Asma;1;Notificação de óbitos;1;Número de óbitos;0;Todos;0;Todos;2000;Todos;0;Todos;2;Feminino;3;Unidade da federação;28;Sergipe;5;1;1;2;1;0;0;3;0;0;1;1;15
2013;2013;2;Óbitos por ocorrência;204394;(J45) Asma;1;Notificação de óbitos;1;Número de óbitos;0;Todos;0;Todos;2000;Todos;0;Todos;2;Feminino;3;Unidade da federação;29;Bahia;8;8;10;9;8;15;11;13;9;5;5;6;107
2013;2013;2;Óbitos por ocorrência;204394;(J45) Asma;1;Notificação de óbitos;1;Número de óbitos;0;Todos;0;Todos;2000;Todos;0;Todos;2;Feminino;2;Região;3;Sudeste;46;50;38;60;68;43;58;47;38;46;28;42;564
2013;2013;2;Óbitos por ocorrência;204394;(J45) Asma;1;Notificação de óbitos;1;Número de óbitos;0;Todos;0;Todos;2000;Todos;0;Todos;2;Feminino;3;Unidade da federação;31;Minas Gerais;13;11;9;19;18;16;18;14;11;11;10;17;167
2013;2013;2;Óbitos por ocorrência;204394;(J45) Asma;1;Notificação de óbitos;1;Número de óbitos;0;Todos;0;Todos;2000;Todos;0;Todos;2;Feminino;3;Unidade da federação;32;Espírito Santo;1;4;1;2;9;0;3;2;1;2;5;0;30
2013;2013;2;Óbitos por ocorrência;204394;(J45) Asma;1;Notificação de óbitos;1;Número de óbitos;0;Todos;0;Todos;2000;Todos;0;Todos;2;Feminino;3;Unidade da federação;33;Rio de Janeiro;9;13;10;15;13;7;13;10;11;16;2;9;128
2013;2013;2;Óbitos por ocorrência;204394;(J45) Asma;1;Notificação de óbitos;1;Número de óbitos;0;Todos;0;Todos;2000;Todos;0;Todos;2;Feminino;3;Unidade da federação;35;São Paulo;23;22;18;24;28;20;24;21;15;17;11;16;239
2013;2013;2;Óbitos por ocorrência;204394;(J45) Asma;1;Notificação de óbitos;1;Número de óbitos;0;Todos;0;Todos;2000;Todos;0;Todos;2;Feminino;2;Região;4;Sul;11;19;17;18;18;19;34;18;17;25;23;16;235
2013;2013;2;Óbitos por ocorrência;204394;(J45) Asma;1;Notificação de óbitos;1;Número de óbitos;0;Todos;0;Todos;2000;Todos;0;Todos;2;Feminino;3;Unidade da federação;41;Paraná;8;7;3;8;3;7;9;8;5;8;8;6;80
2013;2013;2;Óbitos por ocorrência;204394;(J45) Asma;1;Notificação de óbitos;1;Número de óbitos;0;Todos;0;Todos;2000;Todos;0;Todos;2;Feminino;3;Unidade da federação;42;Santa Catarina;0;1;4;1;6;2;8;6;4;6;5;5;48
2013;2013;2;Óbitos por ocorrência;204394;(J45) Asma;1;Notificação de óbitos;1;Número de óbitos;0;Todos;0;Todos;2000;Todos;0;Todos;2;Feminino;3;Unidade da federação;43;Rio Grande do Sul;3;11;10;9;9;10;17;4;8;11;10;5;107
2013;2013;2;Óbitos por ocorrência;204394;(J45) Asma;1;Notificação de óbitos;1;Número de óbitos;0;Todos;0;Todos;2000;Todos;0;Todos;2;Feminino;2;Região;5;Centro-Oeste;4;6;2;12;6;5;10;10;8;8;5;3;79
2013;2013;2;Óbitos por ocorrência;204394;(J45) Asma;1;Notificação de óbitos;1;Número de óbitos;0;Todos;0;Todos;2000;Todos;0;Todos;2;Feminino;3;Unidade da federação;50;Mato Grosso do Sul;0;0;0;3;1;2;5;1;2;3;0;2;19
2013;2013;2;Óbitos por ocorrência;204394;(J45) Asma;1;Notificação de óbitos;1;Número de óbitos;0;Todos;0;Todos;2000;Todos;0;Todos;2;Feminino;3;Unidade da federação;51;Mato Grosso;0;0;1;2;2;0;1;0;1;1;1;0;9
2013;2013;2;Óbitos por ocorrência;204394;(J45) Asma;1;Notificação de óbitos;1;Número de óbitos;0;Todos;0;Todos;2000;Todos;0;Todos;2;Feminino;3;Unidade da federação;52;Goiás;1;3;1;5;1;1;3;3;2;3;3;1;27
2013;2013;2;Óbitos por ocorrência;204394;(J45) Asma;1;Notificação de óbitos;1;Número de óbitos;0;Todos;0;Todos;2000;Todos;0;Todos;2;Feminino;3;Unidade da federação;53;Distrito Federal;3;3;0;2;2;2;1;6;3;1;1;0;24